report_date,target_5tc,source,tc_lag_1,tc_lag_2,tc_lag_3,tc_lag_4,tc_mean_4,tc_std_4,target_date,target_next_5tc,days_to_target,dataset_role,bdi_close,bdi_return_1d,bdi_return_7d,bdi_ma_7,bdi_ma_30,bdi_volatility_30d,vlsfo_usd_per_mt,mgo_usd_per_mt,vlsfo_change_7d,mgo_change_7d,bdry_close,bdry_return_1d,bdry_return_5d,bdry_return_20d,bdry_ma_5,bdry_ma_20,bdry_volatility_20d,brent_price,brent_return_1d,brent_change_7d,wti_price,wti_return_1d,wti_change_7d,iron_ore_price,iron_ore_change_1m,iron_ore_change_3m,iron_ore_ma_3m,gscpi_date,gscpi,gscpi_change_1m,gscpi_change_3m,gscpi_ma_3m,gscpi_ma_6m,gscpi_age_days,gscpi_level,gscpi_positive,gscpi_high_pressure,gscpi_change_acceleration,gscpi_ma6_minus_ma3
2019-06-10,15007.0,https://www.drycargomag.com/dry-bulk-week-23-the-baltic-briefing,12243.0,11621.0,5737.0,4881.0,8620.5,3848.113780369113,2019-06-17,14203.0,7.0,candidate_5tc_feature_table,1096.0,-0.0009115770282588,0.0448045757864632,1082.142857142857,912.2666666666668,0.0245927124500823,500.79,624.81,0.0356529831454865,0.00532582461786,12.085000038146973,-0.0170801168640799,-0.0289272531542903,-0.0134693846410635,12.35900001525879,12.189799976348876,0.014256681468562,64.31,0.0032761310452418,-0.0753414809489575,53.33,-0.0114921223354959,-0.0556047458827696,109.55,0.0765434736167482,0.2581624282198522,101.93695652173912,2019-05-31,-0.6370872546412494,-0.6354580646099041,-0.7601526200538871,-0.1459896649531116,0.1058319863864366,10,-0.6370872546412494,0,0,-0.38207385792527504,0.2518216513395482
2019-06-17,14203.0,https://www.drycargomag.com/dry-bulk-week-24-the-baltic-briefing,15007.0,12243.0,11621.0,5737.0,11152.0,3898.4395168665455,2019-06-24,17947.0,7.0,candidate_5tc_feature_table,1093.0,0.0073732718894008,0.0253283302063789,1088.857142857143,951.5333333333332,0.0251950068894306,493.76,607.62,0.0227644634090768,-0.0066699362432565,12.369999885559082,-0.0012111702095711,0.0235829413746373,0.028690251806509,12.142000007629395,12.227299976348878,0.0137184031484905,62.56,-0.0090289878029462,-0.0033455472359407,51.94,-0.0101010101010101,-0.0123597642137289,109.55,0.0765434736167482,0.2581624282198522,101.93695652173912,2019-05-31,-0.6370872546412494,-0.6354580646099041,-0.7601526200538871,-0.1459896649531116,0.1058319863864366,17,-0.6370872546412494,0,0,-0.38207385792527504,0.2518216513395482
2019-06-24,17947.0,https://www.drycargomag.com/dry-bulk-week-25-the-baltic-briefing,14203.0,15007.0,12243.0,11621.0,13268.5,1598.0799938259245,2019-07-01,19360.0,7.0,candidate_5tc_feature_table,1258.0,0.0153349475383373,0.1845574387947268,1169.0,1033.1,0.0236121383843414,500.96,616.23,0.0168679589972597,-0.0202241831624135,12.960000038146973,0.0212766325210167,0.047696051580135,0.061859903249525,12.576999855041503,12.357299947738648,0.0140950674912641,65.16,-0.0125776632823154,0.029709228824273,57.73,0.006625980819529,0.1021382206949215,109.55,0.0765434736167482,0.2581624282198522,101.93695652173912,2019-05-31,-0.6370872546412494,-0.6354580646099041,-0.7601526200538871,-0.1459896649531116,0.1058319863864366,24,-0.6370872546412494,0,0,-0.38207385792527504,0.2518216513395482
2019-07-22,32765.0,https://www.drycargomag.com/dry-bulk-week-29-the-baltic-briefing,19360.0,17947.0,14203.0,15007.0,16629.25,2429.804158774941,2019-07-29,27145.0,7.0,candidate_5tc_feature_table,2191.0,0.0096774193548387,0.6350746268656717,1978.2857142857144,1326.6333333333334,0.076663291721847,508.7,611.26,0.0233147593088047,-0.027291099759711,17.988000869750977,0.0240819995919261,0.0503942113723197,0.4174942052446979,17.2596004486084,15.281800079345704,0.0221701292365312,61.96,0.0150720838794233,-0.0839739798935541,55.87,0.0081198123421146,-0.0677457033205406,119.5869565217391,0.0916198678387869,0.2654704393834826,110.29927536231884,2019-06-30,-0.4732839849307387,0.1638032697105106,-0.6740314347439981,-0.3706668098677776,-0.0479994373315686,22,-0.4732839849307387,0,0,0.38848041462517663,0.32266737253620903
2019-12-09,23704.0,https://www.drycargomag.com/dry-bulk-week-49-the-baltic-briefing,18930.0,23675.0,31470.0,37921.0,27999.0,8395.190329389005,2019-12-16,18002.0,7.0,candidate_5tc_feature_table,1528.0,0.0415814587593728,0.2126984126984126,1393.0,1631.4666666666667,0.0466072624624458,613.17,656.37,0.115016729706139,0.051571662020571,17.899999618530273,-0.0167536559436409,-0.0606140471344827,0.1018774203630619,18.056999969482423,17.436099815368653,0.0221480128181525,66.44,-0.0009022556390977,0.0272108843537413,58.99,-0.0035472972972973,0.0149690295939437,90.97727272727272,0.0973708944702627,-0.0139237536656892,87.48966371792459,2019-11-30,0.1376394292015043,0.0662732508382134,0.4440146447815195,0.109818188477445,-0.1516595199023839,9,0.1376394292015043,1,0,-0.08173163075562642,-0.2614777083798289
2020-01-06,10825.0,https://www.drycargomag.com/dry-bulk-week-1,18002.0,23704.0,18930.0,23675.0,21077.75,3039.515572696851,2020-01-13,9438.0,7.0,candidate_5tc_feature_table,1090.0,-0.0117860380779691,-0.1955719557195572,1183.428571428571,1450.4333333333334,0.0491061421097086,683.44,730.14,0.1780807749987072,0.1496095226099005,11.920000076293944,-0.0865900458180212,-0.2204054868519872,-0.3337059539984596,13.896200180053713,15.74350004196167,0.0316146467973964,70.25,0.0169368847712796,0.0142939647704301,63.27,0.0042857142857142,0.0343305541932319,95.21739130434784,0.046606349585637,0.0748466257668714,89.69980864546083,2019-12-31,0.023139484760997,-0.1144999444405072,-0.0973094731065425,0.0773816974419308,-0.0689222749537613,6,0.023139484760997,1,0,-0.08206345340499305,-0.1463039723956921
2020-02-17,2445.0,https://www.drycargomag.com/dry-bulk-week-7,9438.0,10825.0,18002.0,23704.0,15492.25,6637.490709346919,2020-02-24,2787.0,7.0,candidate_5tc_feature_table,434.0,0.0211764705882353,-0.2051282051282051,475.57142857142856,878.9,0.0650006019879263,541.99,571.72,-0.1821364438877907,-0.1884740951029098,9.225000381469728,0.0092997850059239,0.0,-0.2695961759396957,9.173000144958497,9.97975001335144,0.03268348240849,57.83,0.0080181279414328,0.0480246466110909,52.03,0.0120599105232446,0.0228032239040691,87.625,-0.0797374429223746,0.0569356691556577,91.27322134387352,2020-01-31,0.0556839336356354,0.0325444488746384,-0.0156822447276553,0.0721542825327123,0.0169837947081586,17,0.0556839336356354,1,0,0.03777186378385683,-0.05517048782455371
2020-03-09,2542.0,https://www.drycargomag.com/dry-bulk-week-10,2787.0,2445.0,9438.0,10825.0,6373.75,4378.093449208229,2020-03-16,2797.0,7.0,candidate_5tc_feature_table,535.0,0.0113421550094519,0.1505376344086022,510.2857142857143,622.3333333333334,0.065440322809457,382.89,457.72,-0.438734077016667,-0.3571619173349437,7.5,-0.0909090909090909,-0.051833104338965,-0.186991903537992,8.1060001373291,8.598750114440918,0.0336891665916039,35.33,-0.225219298245614,-0.3230503927955547,31.05,-0.2452600875060767,-0.3417426330294679,88.6590909090909,0.0118013227856308,-0.0254808893330001,90.50049407114624,2020-02-29,1.2240679555223275,1.168384021886692,1.086428526320823,0.4342971246396534,0.2720576565585491,9,1.2240679555223275,1,1,0.8062411797797511,-0.16223946808110434
2020-03-16,2797.0,https://www.drycargomag.com/dry-bulk-week-11,2542.0,2787.0,2445.0,9438.0,4303.0,3426.356957469552,2020-03-23,4067.0,7.0,candidate_5tc_feature_table,623.0,-0.0126782884310617,0.2535211267605635,549.8571428571429,589.9333333333333,0.0751326515915706,325.36,396.28,-0.4975833474883799,-0.4100869358104085,6.099999904632568,-0.1081871683402442,-0.1866666793823241,-0.3387534252154993,7.031999969482422,8.0635000705719,0.0401887499363592,27.98,-0.1324031007751938,-0.4544745564437512,28.96,-0.0870113493064311,-0.3690631808278867,88.6590909090909,0.0118013227856308,-0.0254808893330001,90.50049407114624,2020-02-29,1.2240679555223275,1.168384021886692,1.086428526320823,0.4342971246396534,0.2720576565585491,16,1.2240679555223275,1,1,0.8062411797797511,-0.16223946808110434
2020-03-23,4067.0,https://www.drycargomag.com/dry-bulk-week-12,2797.0,2542.0,2787.0,2445.0,2642.75,176.87731152789212,2020-03-30,3675.0,7.0,candidate_5tc_feature_table,617.0,-0.0128,0.1532710280373832,623.8571428571429,555.2333333333333,0.0532972494524854,272.82,344.4,-0.5475321746052806,-0.4599002603268199,5.739999771118164,-0.013745772883779,-0.0590164162528932,-0.3142174612186682,5.713999938964844,7.253000020980835,0.047247024258229,23.75,-0.0704500978473581,-0.2343649258542876,23.33,0.1976386036960984,-0.2607731305449937,88.6590909090909,0.0118013227856308,-0.0254808893330001,90.50049407114624,2020-02-29,1.2240679555223275,1.168384021886692,1.086428526320823,0.4342971246396534,0.2720576565585491,23,1.2240679555223275,1,1,0.8062411797797511,-0.16223946808110434
2020-04-20,9875.0,https://www.drycargomag.com/dry-bulk-week-16,3675.0,4067.0,2797.0,2542.0,3270.25,719.4782252901531,2020-04-27,8381.0,7.0,candidate_5tc_feature_table,757.0,0.0079893475366179,0.3615107913669064,684.7142857142857,574.5666666666667,0.0540835821472584,230.02,282.91,-0.4689231621721462,-0.4086576648133438,6.809999942779541,-0.0606896630648908,-0.0696721607816689,0.1701030484395258,7.153999996185303,6.386749958992004,0.0498872734876185,17.36,-0.1210126582278481,-0.2144796380090499,-36.98,-3.0196613872200984,-2.480977172607129,83.75,-0.055370417841579,-0.120433789954338,86.6780303030303,2020-03-31,2.606468460085125,1.3824005045627976,2.583328975324128,1.2954067830810294,0.68639424026148,20,2.606468460085125,1,1,0.5212908461214216,-0.6090125428195494
2021-02-15,10304.0,https://www.drycargomag.com/dry-bulk-week-6-2021,15675.0,16633.0,14421.0,19952.0,16670.25,2367.90475244818,2021-02-22,14224.0,7.0,candidate_5tc_feature_table,1364.0,-0.0606060606060605,-0.2574850299401198,1580.0,1460.4,0.0716307715568195,461.82,515.02,0.1421293433906267,0.1615507792237083,12.43000030517578,0.0761904848405832,0.2138672444343696,0.1872015270447729,10.92400016784668,10.442150020599366,0.0533645460637044,63.58,0.0177685288938691,0.0779925398440148,59.5,0.0219855719683956,0.0687982755523621,162.325,-0.0264672283307153,0.3141191210485736,160.70943754313316,2021-01-31,1.340492694031397,-0.3612868525198951,1.2324181847700426,1.2679884595310087,1.0021479747681823,15,1.340492694031397,1,1,-0.7720929141099093,-0.2658404847628264
2021-02-22,14224.0,https://www.drycargomag.com/dry-bulk-week-7-2021,10304.0,15675.0,16633.0,14421.0,14258.25,2787.4240647355177,2021-03-01,11934.0,7.0,candidate_5tc_feature_table,1709.0,0.0064782096584217,0.1625850340136054,1606.2857142857142,1544.3,0.0799346291203309,482.34,533.41,0.1556652370798092,0.1381355751381567,13.739999771118164,-0.0524138088884025,0.1053901394834968,0.2490908882834694,14.847999954223631,11.410150003433229,0.0931925928247614,64.73,0.0300763844684914,0.0595842200032739,61.67,0.0431326116373478,0.0507752598398365,162.325,-0.0264672283307153,0.3141191210485736,160.70943754313316,2021-01-31,1.340492694031397,-0.3612868525198951,1.2324181847700426,1.2679884595310087,1.0021479747681823,22,1.340492694031397,1,1,-0.7720929141099093,-0.2658404847628264
2021-03-01,11934.0,https://www.drycargomag.com/dry-bulk-week-8-2021,14224.0,10304.0,15675.0,16633.0,14209.0,2785.32954363872,2021-03-08,14794.0,7.0,candidate_5tc_feature_table,1675.0,-0.0147058823529411,-0.046127562642369,1712.571428571429,1605.8333333333333,0.0801576083488578,492.03,540.43,0.1444687383699292,0.1534340717974984,13.020000457763672,0.0243902768439248,-0.0524016976236018,0.2591876465790024,13.110000228881836,12.166500043869018,0.0892248812474848,64.56,-0.019738839963559,0.0073334373537212,60.54,-0.0164094232331437,0.0023178807947019,166.7391304347826,0.0271931645450953,0.0893339014344556,165.26740855762594,2021-02-28,1.9700577306707443,0.6295650366393473,1.208364592660408,1.6707766570844778,1.0851115055181368,1,1.9700577306707443,1,1,0.22677683908587792,-0.5856651515663409
2021-03-22,19437.0,https://www.drycargomag.com/dry-bulk-week-11-2021,14794.0,11934.0,14224.0,10304.0,12814.0,2080.3044648961063,2021-03-29,19014.0,7.0,candidate_5tc_feature_table,2319.0,0.0166593599298552,0.3641176470588234,2085.0,1771.9333333333334,0.0862818294571719,513.59,558.96,0.1249370277078085,0.1278677939425736,19.059999465942383,-0.02606030847393,0.0618383652269638,0.387190668373008,19.29199981689453,16.129000091552733,0.0505948487956693,63.89,-0.0017187499999999,-0.0785982117104124,61.48,0.0008139345596613,-0.0687670402908209,166.7391304347826,0.0271931645450953,0.0893339014344556,165.26740855762594,2021-02-28,1.9700577306707443,0.6295650366393473,1.208364592660408,1.6707766570844778,1.0851115055181368,22,1.9700577306707443,1,1,0.22677683908587792,-0.5856651515663409
2021-06-07,20933.0,https://www.drycargomag.com/dry-bulk-week-22-2021,34542.0,34762.0,19014.0,19437.0,26938.75,8908.62067045174,2021-06-14,27752.0,7.0,candidate_5tc_feature_table,2596.0,-0.0342261904761904,-0.0731881470903248,2774.428571428572,2642.333333333333,0.030287716649728,525.49,588.42,0.0039163992052575,0.0168841268469712,22.65999984741211,-0.0357446873441655,-0.0147826153299083,-0.1250965181018802,23.059999847412108,24.15050001144409,0.0483905868152009,70.89,-0.005750350631136,0.0284346438415783,69.21,-0.0051746442432082,0.0421623249510616,215.81578947368416,0.0638806523350625,0.2943319838056679,198.9743107769424,2021-05-31,3.059742988036034,0.2817404715779976,1.0896852573652895,2.7074690151457497,2.189122836115114,7,3.059742988036034,1,1,-0.0814879475437656,-0.5183461790306358
2021-07-19,28572.0,https://www.drycargomag.com/dry-bulk-week-28-2021,27752.0,20933.0,34542.0,34762.0,29497.25,6571.640352048085,2021-07-26,32469.0,7.0,candidate_5tc_feature_table,3059.0,0.006581112207963,-0.0797232250300842,3191.285714285714,3035.6,0.0346728467833685,533.63,599.21,-0.0168757714769983,0.0101655484001486,25.32999992370605,0.0334557195906493,-0.000394642021374,-0.0642777905701584,24.386000061035155,26.70799999237061,0.0402513540327711,69.33,-0.0688960515713134,-0.0764619688290927,66.45,-0.0739966555183946,-0.0894765689229926,214.34090909090912,-0.0068339781179674,0.2024735432870077,211.0046138072454,2021-06-30,2.7645573073042136,-0.2951856807318203,0.4798957663610341,2.867434270599428,2.3662524629072674,19,2.7645573073042136,1,1,-0.4551509361854983,-0.5011818076921606
2021-07-26,32469.0,https://www.drycargomag.com/dry-bulk-week-29-2021,28572.0,27752.0,20933.0,34542.0,27949.75,5571.320631890912,2021-08-02,35713.0,7.0,candidate_5tc_feature_table,3210.0,0.0034385745545482,0.0445818418483565,3103.0,3074.1,0.0332009392481942,544.09,612.6,0.0353955355953492,0.041093096767615,25.6299991607666,-0.0538944622959632,0.0118436335556313,-0.1445260365828969,26.17599983215332,26.23750009536743,0.0396255209847223,74.79,-0.0009350788137856,0.003488528109486,72.15,-0.0012458471760795,0.0066973629133528,214.34090909090912,-0.0068339781179674,0.2024735432870077,211.0046138072454,2021-06-30,2.7645573073042136,-0.2951856807318203,0.4798957663610341,2.867434270599428,2.3662524629072674,26,2.7645573073042136,1,1,-0.4551509361854983,-0.5011818076921606
2022-01-10,19176.0,https://www.drycargomag.com/dry-bulk-week-1-2022,40035.0,29938.0,27199.0,61309.0,39620.25,15476.943181713888,2022-01-17,12407.0,7.0,candidate_5tc_feature_table,2217.0,-0.0009013068949977,-0.1681050656660413,2315.285714285714,3008.266666666667,0.0555191859606945,656.84,743.1,0.0611308562197092,0.0537884481756172,24.07999992370605,-0.1034996509111815,-0.1759068963187583,-0.1442785911159575,26.095999908447265,26.42450017929077,0.0559297330292365,81.56,-0.0087506076810889,0.0375270321842005,78.11,-0.0112658227848101,0.0166601587921384,133.0454545454545,0.2045051976167899,0.1622107094236873,111.21118507731778,2021-12-31,4.437920205886811,0.0814860379528275,1.0477500275902294,4.242471985951991,3.735389568241421,10,4.437920205886811,1,1,-0.26776397124391565,-0.5070824177105702
2022-01-31,8918.0,https://www.drycargomag.com/dry-bulk-week-4-2022,12407.0,19176.0,40035.0,29938.0,25389.0,12142.65772665386,2022-02-07,10302.0,7.0,candidate_5tc_feature_table,1418.0,0.0267921795800145,-0.0379918588873813,1363.7142857142858,2132.6666666666665,0.0495103781646989,731.29,843.77,0.207207355927167,0.1979583723769769,21.940000534057617,-0.0031803586595317,0.0407969930485827,-0.2560189656038873,20.8060001373291,23.05550012588501,0.0547397347882254,92.35,0.0096206406472065,0.0289693593314761,89.16,0.0169955514999429,0.0332599374203266,133.0454545454545,0.2045051976167899,0.1622107094236873,111.21118507731778,2022-01-31,3.7171231584583695,-0.7207970474284404,-0.2159384255768106,4.170492510759721,3.860603853063864,0,3.7171231584583695,1,1,-0.6488175722361702,-0.30988865769585683
2022-02-07,10302.0,https://www.drycargomag.com/dry-bulk-week-5-2022,8918.0,12407.0,19176.0,40035.0,20134.0,13934.04404088538,2022-02-14,15397.0,7.0,candidate_5tc_feature_table,1418.0,0.0267921795800145,-0.0379918588873813,1363.7142857142858,2132.6666666666665,0.0495103781646989,789.01,911.6,0.3111705663387396,0.3172648979827757,21.780000686645508,0.0036866322992339,-0.0072926090937756,-0.1891288089453087,21.82000045776368,21.72950029373169,0.0530443868230501,97.28,0.0043361552756555,0.0725468577728776,91.25,-0.0110545139265199,0.0415477685195753,139.7,0.0500170823368639,0.5499562043795618,127.73399209486162,2022-01-31,3.7171231584583695,-0.7207970474284404,-0.2159384255768106,4.170492510759721,3.860603853063864,7,3.7171231584583695,1,1,-0.6488175722361702,-0.30988865769585683
2022-02-14,15397.0,https://www.drycargomag.com/dry-bulk-report-week-6-2022,10302.0,8918.0,12407.0,19176.0,12700.75,4548.932136593528,2022-02-21,13888.0,7.0,candidate_5tc_feature_table,1984.0,0.3991537376586742,0.4021201413427562,1445.0,2110.633333333333,0.0905684978302658,838.38,988.03,0.3660849586938455,0.3882675284529997,22.780000686645508,-0.0788515524337322,0.0459136808298243,-0.0176800275105629,24.11400032043457,21.8665002822876,0.0540570945499051,101.66,0.0426666666666666,0.093235831809872,95.52,0.0259935553168635,0.0593323721858711,139.7,0.0500170823368639,0.5499562043795618,127.73399209486162,2022-01-31,3.7171231584583695,-0.7207970474284404,-0.2159384255768106,4.170492510759721,3.860603853063864,14,3.7171231584583695,1,1,-0.6488175722361702,-0.30988865769585683
2022-02-21,13888.0,https://www.drycargomag.com/dry-bulk-week-7-2022,15397.0,10302.0,8918.0,12407.0,11756.0,2819.5178074746564,2022-02-28,14026.0,7.0,candidate_5tc_feature_table,2045.0,0.0412423625254583,0.4808110065170166,1880.142857142857,1979.4333333333332,0.090566144820922,873.65,1040.54,0.3499126995163706,0.4358217193321372,23.56999969482422,0.0016999153001049,-0.0469065858829049,0.1720536538766504,22.94200019836426,22.335500240325928,0.0433086364283741,98.95,0.0288001663547514,0.026771816955484,91.26,-0.0056657223796033,0.0188679245283021,139.7,0.0500170823368639,0.5499562043795618,127.73399209486162,2022-01-31,3.7171231584583695,-0.7207970474284404,-0.2159384255768106,4.170492510759721,3.860603853063864,21,3.7171231584583695,1,1,-0.6488175722361702,-0.30988865769585683
2022-03-28,15648.0,https://www.drycargomag.com/dry-bulk-week-122022,22195.0,14026.0,13888.0,15397.0,16376.5,3938.351812624163,2022-04-04,15460.0,7.0,candidate_5tc_feature_table,2484.0,-0.0235849056603774,-0.0401854714064915,2558.5714285714284,2065.4333333333334,0.0999032386693375,966.53,1179.94,0.2249908112698191,0.2943615620886353,23.770000457763672,-0.0254202110455117,-0.0772515432234739,0.109192726050626,24.80799980163574,25.38800001144409,0.046801614420562,114.5,-0.0666014510475259,0.0088105726872247,107.55,-0.0744406196213425,0.04447897445858,147.3478260869565,0.0547446391335468,0.3339893721708329,140.031093544137,2022-02-28,2.8104062233937785,-0.9067169350645918,-1.5460279445402048,3.655149862579653,3.7741859196674503,28,2.8104062233937785,1,1,-0.3913742868845236,0.11903605708779752
2022-05-16,32733.0,https://www.drycargomag.com/dry-bulk-week-19-2022,15460.0,15648.0,22195.0,14026.0,16832.25,3647.814174269302,2022-05-23,37538.0,7.0,candidate_5tc_feature_table,3085.0,-0.0061211340206185,0.3372345036844386,2597.285714285714,2438.0333333333333,0.0871620070844831,989.96,1256.64,0.0242413582609954,0.0650033052528094,23.34000015258789,0.009515540889651,-0.0226130245877854,0.0504050798309549,23.388000106811525,22.32150001525879,0.034055168950203,114.86,0.0244381020335353,0.0245294799750246,114.07,0.0321208830980817,0.0545437736895626,131.0909090909091,-0.1061983471074382,-0.0616255612676513,141.7018006148441,2022-04-30,3.5283286046294324,0.6704012424410282,-0.1887945538289379,3.065554063403872,3.618023287081797,16,3.5283286046294324,1,1,0.7333327603840074,0.552469223677925
2026-06-08,44374.0,https://www.drycargomag.com/baltic-exchange-dry-bulk-weekly-report-2326,26468.0,23879.0,23697.0,23509.0,24388.25,1394.704598352875,2026-06-15,37251.0,7.0,candidate_5tc_feature_table,3224.0,-0.0006199628022318,0.0556647020301244,3088.428571428572,2717.333333333333,0.0428570506659749,650.15,827.78,-0.1153940350495266,-0.1146453896916479,12.369999885559082,-0.0259842463513508,-0.0510164917251649,0.0218073633016258,12.657999801635745,12.817749881744383,0.0251201454440053,97.46,0.0017473532737175,0.0208442442652141,95.0,0.0072094995759117,0.0253642741500268,103.7909090909091,-0.0702119738464758,-0.0351966873706001,108.2686147186147,2026-05-31,1.809637262093208,-0.032639912784506,1.2303512378787698,1.4428814496197608,0.992634811127706,8,1.809637262093208,1,1,-0.44275699207742925,-0.4502466384920548
2026-06-15,37251.0,https://www.drycargomag.com/baltic-exchange-dry-bulk-weekly-report-2426,44374.0,26468.0,23879.0,23697.0,29604.5,9927.330440086433,2026-06-22,37631.0,7.0,candidate_5tc_feature_table,2720.0,-0.1563275434243176,-0.0948419301164725,3047.714285714286,2740.866666666667,0.0532597079945011,630.15,809.23,-0.1271677101224445,-0.1164357386965398,11.989999771118164,-0.0267857087565263,-0.03071949215493,-0.0902883540594687,12.339999961853028,12.632749891281128,0.0191721910249823,84.36,-0.0482851985559567,-0.1477066073954335,84.65,-0.0447980139923267,-0.1257874625632551,103.7909090909091,-0.0702119738464758,-0.0351966873706001,108.2686147186147,2026-05-31,1.809637262093208,-0.032639912784506,1.2303512378787698,1.4428814496197608,0.992634811127706,15,1.809637262093208,1,1,-0.44275699207742925,-0.4502466384920548
2026-06-22,37631.0,https://www.drycargomag.com/baltic-exchange-dry-bulk-weekly-report-2526,37251.0,44374.0,26468.0,23879.0,32993.0,9544.603117294437,2026-06-29,33014.0,7.0,candidate_5tc_feature_table,2684.0,-0.0139603232916972,-0.1680099194048356,2761.714285714286,2832.233333333333,0.0483127476139664,606.54,789.44,-0.1314919025731346,-0.1112011799011495,11.579999923706056,0.0008643240402426,-0.0600649179747176,-0.0736000061035155,11.829999923706056,12.485249900817871,0.0156232062787056,76.49,-0.0493412875963211,-0.1761094355881086,78.94,-0.0175482265090229,-0.1573441502988899,103.7909090909091,-0.0702119738464758,-0.0351966873706001,108.2686147186147,2026-05-31,1.809637262093208,-0.032639912784506,1.2303512378787698,1.4428814496197608,0.992634811127706,22,1.809637262093208,1,1,-0.44275699207742925,-0.4502466384920548
2026-06-29,33014.0,https://www.drycargomag.com/baltic-exchange-dry-bulk-weekly-report-2626,37631.0,37251.0,44374.0,26468.0,36431.0,7404.165899455972,2026-07-06,37181.0,7.0,candidate_5tc_feature_table,2490.0,-0.0134706814580031,-0.0635577284693493,2616.0,2834.2,0.0475665550975122,597.39,770.05,-0.1385992992170264,-0.1312318783352325,11.630000114440918,0.0319431803065499,0.004317805791389,-0.1012364380543185,11.554000091552734,12.147749948501588,0.0167270321976536,71.59,0.020381984036488,-0.0977945809703842,71.87,0.0223328591749645,-0.1088654680719156,103.7909090909091,-0.0702119738464758,-0.0351966873706001,108.2686147186147,2026-05-31,1.809637262093208,-0.032639912784506,1.2303512378787698,1.4428814496197608,0.992634811127706,29,1.809637262093208,1,1,-0.44275699207742925,-0.4502466384920548
2026-07-06,37181.0,https://www.drycargomag.com/baltic-exchange-dry-bulk-weekly-report-2726,33014.0,37631.0,37251.0,44374.0,38067.5,4696.346416808141,2026-07-13,21153.0,7.0,candidate_5tc_feature_table,2501.0,0.004417670682731,-0.0811903012490815,2584.428571428572,2828.4,0.0475033451234396,598.51,780.1,-0.116812017648708,-0.1060665092934246,12.960000038146973,0.0562346825298374,0.1499555911037338,0.0236966978160104,12.156400108337404,12.04260001182556,0.0220493412709194,69.56,0.0128130460104833,-0.056685652291836,69.6,-0.0018643338591711,-0.0254830579669561,101.595652173913,-0.0211507629735981,-0.0712219622580151,105.67171089779784,2026-06-30,1.1851217535544911,-0.6245155085387166,0.5083918416661308,1.6123453968418044,1.0943408703772992,6,1.1851217535544911,1,1,-0.7939794557607602,-0.5180045264645052
2026-07-13,21153.0,https://www.drycargomag.com/baltic-exchange-dry-bulk-weekly-report-2826,37181.0,33014.0,37631.0,37251.0,36269.25,2179.154021633167,2026-07-20,37156.0,7.0,candidate_5tc_feature_table,2960.0,0.1835265893642543,0.1028315946348732,2623.8571428571427,2837.9666666666667,0.0582562829944444,580.41,771.66,-0.1320063408506311,-0.0992646200536945,13.329999923706056,0.0341349549002323,0.0285493738016981,0.0646964406011743,12.95300006866455,12.15785002708435,0.0226985686676076,81.62,0.0979284369114876,0.1910112359550562,79.2,0.0931677018633541,0.1356466876971609,101.595652173913,-0.0211507629735981,-0.0712219622580151,105.67171089779784,2026-06-30,1.1851217535544911,-0.6245155085387166,0.5083918416661308,1.6123453968418044,1.0943408703772992,13,1.1851217535544911,1,1,-0.7939794557607602,-0.5180045264645052
