candidate_id,imo,mmsi,vessel_name,candidate_vessel_class,dwt,dwt_class,gt,built,vessel_age_years,draught,size_a,size_b,flag,lat,lon,speed,avg_sog,max_sog,course,nav_status,destination,last_port,last_port_unloco,last_port_dep_utc,next_port,next_port_unloco,next_port_eta_utc,freshness_minutes,observation_count,first_observation_timestamp,last_observation_timestamp,mean_reported_speed,max_reported_speed,min_reported_speed,mean_freshness_minutes,has_extended_metadata,has_dwt,has_reported_speed,has_avg_sog,has_position,ais_fresh,has_multiple_observations,metadata_non_null_count,metadata_completeness,candidate_usable,candidate_source,source_file,vessel_name_extended,mmsi_extended,vessel_type_extended,vtype_extended,dwt_extended,gt_extended,built_extended,draught_extended,flag_extended,callsign_extended,destination_extended,last_port_extended,last_port_departure_extended,next_port_extended,next_port_eta_extended,avg_sog_extended,max_sog_extended,wind_knots_extended,temperature_extended,humidity_extended,pressure_extended,visibility_extended,dwt_final,built_final,draught_final,next_port_final,next_port_eta_final,last_port_final,destination_final,avg_sog_final,dwt_class_from_final_dwt,dwt_class_enriched,has_local_extended_metadata,has_extended_dwt,has_final_dwt,metadata_completeness_score,optimizer_vessel_ready,optimizer_capacity_ready
IMO_9947768,9947768,636093091,BBC URANUS,BULK_CARRIER,,UNKNOWN,,,,8.9,151.0,28.0,LR,-23.83292,151.26313,0.0,,,109.0,5,,THEVENARD,AUTHE,2026-08-17T17:40:00Z,,,,0.6333333333333333,2,2026-08-28 04:16:15+00:00,2026-08-28 04:21:18+00:00,0.0,0.0,0.0,4.108333333333333,True,False,True,False,True,True,True,3,0.375,True,MYSHIPTRACKING_AIS_TRIAL,vessel_9947768_20260828T042135Z.json,BBC URANUS,636093091.0,Cargo,7.0,,,,8.9,LR,5LFA7,GLADSTONE,THEVENARD,2026-08-17T17:40:00Z,,,,,10.0,21.4,62.5,1022.5,24135.3,,,8.9,,,THEVENARD,GLADSTONE,,VLOC_OR_VERY_LARGE,VLOC_OR_VERY_LARGE,True,False,False,0.4,True,False
IMO_9934204,9934204,477833200,JOSCO LIUZHOU,BULK_CARRIER,,UNKNOWN,,,,7.1,171.0,29.0,HK,-23.82068,151.24365,0.0,,,140.0,5,,DONGJIAKOU,,2026-07-30T06:24:37Z,,,,3.15,2,2026-08-28 04:16:15+00:00,2026-08-28 04:21:18+00:00,0.0,0.0,0.0,3.625,True,False,True,False,True,True,True,3,0.375,True,MYSHIPTRACKING_AIS_TRIAL,vessel_9934204_20260828T042134Z.json,JOSCO LIUZHOU,477833200.0,Cargo,7.0,,,,7.1,HK,VRUS9,GLADSTONE,DONGJIAKOU,2026-07-30T06:24:37Z,,,,,10.0,21.4,62.5,1022.5,24135.3,,,7.1,,,DONGJIAKOU,GLADSTONE,,VLOC_OR_VERY_LARGE,VLOC_OR_VERY_LARGE,True,False,False,0.4,True,False
IMO_9990703,9990703,563266600,KARLA BULKER,BULK_CARRIER,,UNKNOWN,,,,6.3,154.0,29.0,SG,-23.85173,151.31262,0.0,12.4,15.8,80.0,5,,HIGASHIHARIMA,JPHHR,2026-08-13T08:04:45Z,GLADSTONE,AUGLT,2026-08-26T05:00:00Z,23.766666666666666,2,2026-08-28 04:16:15+00:00,2026-08-28 04:21:18+00:00,0.0,0.0,0.0,21.241666666666667,True,False,True,True,True,True,True,5,0.625,True,MYSHIPTRACKING_AIS_TRIAL,vessel_9990703_20260828T042135Z.json,KARLA BULKER,563266600.0,Cargo,7.0,,,,6.3,SG,9V9536,AU GLT,HIGASHIHARIMA,2026-08-13T08:04:45Z,GLADSTONE,2026-08-26T05:00:00Z,12.4,15.8,10.0,21.4,62.5,1022.5,24135.3,,,6.3,GLADSTONE,2026-08-26T05:00:00Z,HIGASHIHARIMA,AU GLT,12.4,VLOC_OR_VERY_LARGE,VLOC_OR_VERY_LARGE,True,False,False,0.6,True,False
IMO_9633159,9633159,636025609,MAIZURU KICHIJO,BULK_CARRIER,91435.0,PANAMAX,50626.0,2012.0,14.0,12.5,201.0,34.0,LR,-23.85197,151.31129,0.0,,,261.0,5,,,,,GLADSTONE,AUGLT,2026-08-22T00:00:00Z,24.2,2,2026-08-28 04:16:15+00:00,2026-08-28 04:21:18+00:00,0.0,0.0,0.0,21.675,True,True,True,False,True,True,True,7,0.875,True,MYSHIPTRACKING_AIS_TRIAL,vessel_9633159_20260828T042137Z.json,MAIZURU KICHIJO,636025609.0,Bulk Carrier,7.0,91435.0,50626.0,2012.0,12.5,LR,5LYG9,AU_GLT,,,GLADSTONE,2026-08-22T00:00:00Z,,,10.0,21.4,62.5,1022.5,24135.3,91435.0,2012.0,12.5,GLADSTONE,2026-08-22T00:00:00Z,,AU_GLT,,PANAMAX,PANAMAX,True,True,True,1.0,True,True
IMO_9885063,9885063,636020378,BRILLIANT MERCURY,BULK_CARRIER,,UNKNOWN,,,,7.9,217.0,33.0,LR,-23.81812,151.24128,0.0,,,138.0,5,,FUKUYAMA,JPFKY,2026-08-01T00:12:37Z,,,,49.93333333333333,2,2026-08-28 04:16:15+00:00,2026-08-28 04:21:18+00:00,0.0,0.0,0.0,47.40833333333333,True,False,True,False,True,True,True,3,0.375,True,MYSHIPTRACKING_AIS_TRIAL,vessel_9885063_20260828T042125Z.json,BRILLIANT MERCURY,636020378.0,Cargo,7.0,,,,7.9,LR,D5YY2,AU GLT,FUKUYAMA,2026-08-01T00:12:37Z,,,,,10.0,21.4,62.5,1022.5,24135.3,,,7.9,,,FUKUYAMA,AU GLT,,VLOC_OR_VERY_LARGE,VLOC_OR_VERY_LARGE,True,False,False,0.4,True,False
IMO_9599078,9599078,311001257,POPEYE,BULK_CARRIER,98730.0,PANAMAX,51905.0,2013.0,13.0,8.3,211.0,29.0,BS,-23.81556,151.2388,0.0,,,138.0,5,,QINGDAO,CNQDG,2026-07-29T01:28:37Z,DALRYMPLE,AUHPT,2026-08-29T20:00:00Z,73.26666666666667,2,2026-08-28 04:16:15+00:00,2026-08-28 04:21:18+00:00,0.0,0.0,0.0,70.74166666666667,True,True,True,False,True,True,True,8,1.0,True,MYSHIPTRACKING_AIS_TRIAL,vessel_9599078_20260828T042125Z.json,POPEYE,311001257.0,Bulk Carrier,7.0,98730.0,51905.0,2013.0,8.3,BS,C6GI7,AU HPT,QINGDAO,2026-07-29T01:28:37Z,DALRYMPLE,2026-08-29T20:00:00Z,,,10.0,21.4,62.5,1022.5,24135.3,98730.0,2013.0,8.3,DALRYMPLE,2026-08-29T20:00:00Z,QINGDAO,AU HPT,,PANAMAX,PANAMAX,True,True,True,1.0,True,True
IMO_9603398,9603398,373033000,CAPE RAINBOW,BULK_CARRIER,207886.0,VLOC_OR_VERY_LARGE,106251.0,2012.0,14.0,10.0,262.0,38.0,PA,-23.79231,151.53191,3.9,9.4,13.2,208.0,0,,NEWCASTLE,AUNTL,2026-08-24T21:28:50Z,GLADSTONE,AUGLT,2026-08-28T05:58:59Z,73.3,2,2026-08-28 04:16:15+00:00,2026-08-28 04:21:18+00:00,3.9,3.9,3.9,70.775,True,True,True,True,True,True,True,8,1.0,True,MYSHIPTRACKING_AIS_TRIAL,vessel_9603398_20260828T042120Z.json,CAPE RAINBOW,373033000.0,Bulk Carrier,7.0,207886.0,106251.0,2012.0,10.0,PA,3EVI3,AU GLT,NEWCASTLE,2026-08-24T21:28:50Z,GLADSTONE,2026-08-28T05:58:59Z,9.4,13.2,12.0,19.9,73.7,1022.7,24135.3,207886.0,2012.0,10.0,GLADSTONE,2026-08-28T05:58:59Z,NEWCASTLE,AU GLT,9.4,VLOC_OR_VERY_LARGE,VLOC_OR_VERY_LARGE,True,True,True,1.0,True,True
IMO_9607136,9607136,564856000,RTM DHAMBUL,BULK_CARRIER,70373.0,SUPRAMAX,38800.0,2013.0,13.0,11.9,195.0,30.0,SG,-23.83336,151.51863,0.0,11.5,14.8,251.0,1,,WEIPA,AUWEI,2026-07-24T12:47:35Z,GLADSTONE,AUGLT,2026-08-27T06:00:00Z,73.48333333333333,2,2026-08-28 04:16:15+00:00,2026-08-28 04:21:18+00:00,0.0,0.0,0.0,70.95833333333334,True,True,True,True,True,True,True,8,1.0,True,MYSHIPTRACKING_AIS_TRIAL,vessel_9607136_20260828T042132Z.json,RTM DHAMBUL,564856000.0,Cabu Carrier,7.0,70373.0,38800.0,2013.0,11.9,SG,9V2783,AU GLT,WEIPA,2026-07-24T12:47:35Z,GLADSTONE,2026-08-27T06:00:00Z,11.5,14.8,12.0,19.9,73.7,1022.7,24135.3,70373.0,2013.0,11.9,GLADSTONE,2026-08-27T06:00:00Z,WEIPA,AU GLT,11.5,PANAMAX,SUPRAMAX,True,True,True,1.0,True,True
IMO_9565546,9565546,351733000,CHESAPEAKE HIGHWAY,BULK_CARRIER,,UNKNOWN,,,,,,,,-23.86656,151.57271,0.1,,,116.0,1,,,,,,,,73.5,2,2026-08-28 04:16:15+00:00,2026-08-28 04:21:18+00:00,0.1,0.1,0.1,70.975,False,False,True,False,True,True,True,0,0.0,True,MYSHIPTRACKING_AIS_TRIAL,,,,,,,,,,,,,,,,,,,,,,,,,,,,,,,,VLOC_OR_VERY_LARGE,VLOC_OR_VERY_LARGE,False,False,False,0.0,True,False
IMO_9774472,9774472,636017368,KANG MAY,BULK_CARRIER,,UNKNOWN,,,,12.5,198.0,30.0,LR,-23.79253,151.18373,0.1,,,306.0,5,,LONGKOU,CNLKU,2026-08-04T02:56:39Z,,,,73.6,2,2026-08-28 04:16:15+00:00,2026-08-28 04:21:18+00:00,0.1,0.1,0.1,71.07499999999999,True,False,True,False,True,True,True,3,0.375,True,MYSHIPTRACKING_AIS_TRIAL,vessel_9774472_20260828T042131Z.json,KANG MAY,636017368.0,Cargo,7.0,,,,12.5,LR,D5KO5,AU GLT,LONGKOU,2026-08-04T02:56:39Z,,,,,10.0,21.4,62.5,1022.5,24135.3,,,12.5,,,LONGKOU,AU GLT,,VLOC_OR_VERY_LARGE,VLOC_OR_VERY_LARGE,True,False,False,0.4,True,False
IMO_9700823,9700823,352286000,CAPE HOPE,BULK_CARRIER,,UNKNOWN,,,,9.8,258.0,41.0,PA,-23.8005,151.49697,0.2,11.2,15.9,125.0,1,,MIZUSHIMA,JPMIZ,2026-07-19T02:00:29Z,,,,73.71666666666667,2,2026-08-28 04:16:15+00:00,2026-08-28 04:21:18+00:00,0.2,0.2,0.2,71.19166666666666,True,False,True,True,True,True,True,3,0.375,True,MYSHIPTRACKING_AIS_TRIAL,vessel_9700823_20260828T042121Z.json,CAPE HOPE,352286000.0,Cargo,7.0,,,,9.8,PA,3FNK4,AU GLT,MIZUSHIMA,2026-07-19T02:00:29Z,,,11.2,15.9,12.0,19.9,73.7,1022.7,24135.3,,,9.8,,,MIZUSHIMA,AU GLT,11.2,VLOC_OR_VERY_LARGE,VLOC_OR_VERY_LARGE,True,False,False,0.4,True,False
IMO_9877872,9877872,538009641,SDTR ERICA,BULK_CARRIER,,UNKNOWN,,,,12.5,195.0,32.0,MH,-23.85242,151.61422,0.0,10.1,14.3,231.0,1,,HUANGHUA,CNHNH,2026-08-03T04:28:41Z,GLADSTONE,AUGLT,2026-08-24T14:45:00Z,73.71666666666667,2,2026-08-28 04:16:15+00:00,2026-08-28 04:21:18+00:00,0.0,0.0,0.0,71.19166666666666,True,False,True,True,True,True,True,5,0.625,True,MYSHIPTRACKING_AIS_TRIAL,vessel_9877872_20260828T042132Z.json,SDTR ERICA,538009641.0,Cargo,7.0,,,,12.5,MH,V7A4987,AU AMR>AU GLT,HUANGHUA,2026-08-03T04:28:41Z,GLADSTONE,2026-08-24T14:45:00Z,10.1,14.3,12.0,19.9,73.7,1022.7,24135.3,,,12.5,GLADSTONE,2026-08-24T14:45:00Z,HUANGHUA,AU AMR>AU GLT,10.1,VLOC_OR_VERY_LARGE,VLOC_OR_VERY_LARGE,True,False,False,0.6,True,False
IMO_9523201,9523201,413985000,YUN LONG FENG,BULK_CARRIER,,UNKNOWN,,,,7.3,193.0,32.0,CN,-23.8292,151.58686,0.1,10.5,13.7,119.0,1,,RIZHAO,CNRZH,2026-08-02T23:04:35Z,GLADSTONE,AUGLT,2026-08-21T09:00:00Z,73.73333333333333,2,2026-08-28 04:16:15+00:00,2026-08-28 04:21:18+00:00,0.1,0.1,0.1,71.20833333333334,True,False,True,True,True,True,True,5,0.625,True,MYSHIPTRACKING_AIS_TRIAL,vessel_9523201_20260828T042132Z.json,YUN LONG FENG,413985000.0,Cargo,7.0,,,,7.3,CN,BRPH,AU GLT,RIZHAO,2026-08-02T23:04:35Z,GLADSTONE,2026-08-21T09:00:00Z,10.5,13.7,12.0,19.9,73.7,1022.7,24135.3,,,7.3,GLADSTONE,2026-08-21T09:00:00Z,RIZHAO,AU GLT,10.5,VLOC_OR_VERY_LARGE,VLOC_OR_VERY_LARGE,True,False,False,0.6,True,False
IMO_9906740,9906740,636021216,TAHO CIRCULAR,BULK_CARRIER,,UNKNOWN,,,,7.4,198.0,31.0,LR,-23.8323,151.49698,0.0,11.1,15.5,62.0,1,,GLADSTONE,AUGLT,2026-06-26T20:27:15Z,,,,74.15,2,2026-08-28 04:16:15+00:00,2026-08-28 04:21:18+00:00,0.0,0.0,0.0,71.625,True,False,True,True,True,True,True,3,0.375,True,MYSHIPTRACKING_AIS_TRIAL,vessel_9906740_20260828T042130Z.json,TAHO CIRCULAR,636021216.0,Cargo,7.0,,,,7.4,LR,5LCV7,AUGLT,GLADSTONE,2026-06-26T20:27:15Z,,,11.1,15.5,12.0,19.9,73.7,1022.7,24135.3,,,7.4,,,GLADSTONE,AUGLT,11.1,VLOC_OR_VERY_LARGE,VLOC_OR_VERY_LARGE,True,False,False,0.4,True,False
IMO_9889306,9889306,352393000,AZUL TIERRA,BULK_CARRIER,,UNKNOWN,,,,10.9,261.0,39.0,PA,-23.79716,151.5176,0.1,9.7,12.3,181.0,1,,DALRYMPLE,AUHPT,2026-08-25T22:12:50Z,GLADSTONE,AUGLT,2026-08-26T21:00:00Z,74.6,2,2026-08-28 04:16:15+00:00,2026-08-28 04:21:18+00:00,0.1,0.1,0.1,72.07499999999999,True,False,True,True,True,True,True,5,0.625,True,MYSHIPTRACKING_AIS_TRIAL,vessel_9889306_20260828T042136Z.json,AZUL TIERRA,352393000.0,Cargo,7.0,,,,10.9,PA,H9PH,AU GLT,DALRYMPLE,2026-08-25T22:12:50Z,GLADSTONE,2026-08-26T21:00:00Z,9.7,12.3,12.0,19.9,73.7,1022.7,24135.3,,,10.9,GLADSTONE,2026-08-26T21:00:00Z,DALRYMPLE,AU GLT,9.7,VLOC_OR_VERY_LARGE,VLOC_OR_VERY_LARGE,True,False,False,0.6,True,False
IMO_9465186,9465186,636019494,ES GLORY SEA,BULK_CARRIER,177000.0,CAPE,91407.0,2007.0,19.0,9.4,251.0,41.0,LR,-23.75762,151.47274,0.1,9.6,12.8,64.0,1,,JINGTANG,CNTAS,2026-08-01T05:40:30Z,GLADSTONE,AUGLT,2026-08-19T20:00:00Z,74.65,2,2026-08-28 04:16:15+00:00,2026-08-28 04:21:18+00:00,0.1,0.1,0.1,72.125,True,True,True,True,True,True,True,8,1.0,True,MYSHIPTRACKING_AIS_TRIAL,vessel_9465186_20260828T042122Z.json,ES GLORY SEA,636019494.0,Bulk Carrier,7.0,177000.0,91407.0,2007.0,9.4,LR,D5UT9,GLADSTONE AUS,JINGTANG,2026-08-01T05:40:30Z,GLADSTONE,2026-08-19T20:00:00Z,9.6,12.8,12.0,19.9,73.7,1022.7,24135.3,177000.0,2007.0,9.4,GLADSTONE,2026-08-19T20:00:00Z,JINGTANG,GLADSTONE AUS,9.6,CAPE,CAPE,True,True,True,1.0,True,True
IMO_9713442,9713442,372754000,CAPE HARVEST,BULK_CARRIER,,UNKNOWN,,,,8.8,260.0,40.0,PA,-23.84951,151.45999,0.3,10.2,15.8,126.0,1,,MIZUSHIMA,JPMIZ,2026-08-02T05:32:38Z,,,,74.73333333333333,2,2026-08-28 04:16:15+00:00,2026-08-28 04:21:18+00:00,0.3,0.3,0.3,72.20833333333334,True,False,True,True,True,True,True,3,0.375,True,MYSHIPTRACKING_AIS_TRIAL,vessel_9713442_20260828T042120Z.json,CAPE HARVEST,372754000.0,Cargo,7.0,,,,8.8,PA,3FIT2,AUGLT,MIZUSHIMA,2026-08-02T05:32:38Z,,,10.2,15.8,12.0,19.9,73.7,1022.7,24135.3,,,8.8,,,MIZUSHIMA,AUGLT,10.2,VLOC_OR_VERY_LARGE,VLOC_OR_VERY_LARGE,True,False,False,0.4,True,False
IMO_9324502,9324502,440422000,WHITE ROSE,BULK_CARRIER,171827.0,CAPE,89097.0,2006.0,20.0,9.3,247.0,42.0,KR,-23.79759,151.47986,0.3,11.3,14.6,133.0,1,,GWANGYANG,KRKAN,2026-08-11T22:32:44Z,GLADSTONE,AUGLT,2026-08-25T23:00:00Z,74.75,2,2026-08-28 04:16:15+00:00,2026-08-28 04:21:18+00:00,0.3,0.3,0.3,72.225,True,True,True,True,True,True,True,8,1.0,True,MYSHIPTRACKING_AIS_TRIAL,vessel_9324502_20260828T042136Z.json,WHITE ROSE,440422000.0,Bulk Carrier,7.0,171827.0,89097.0,2006.0,9.3,KR,D7KJ,AUGLT,GWANGYANG,2026-08-11T22:32:44Z,GLADSTONE,2026-08-25T23:00:00Z,11.3,14.6,12.0,19.9,73.7,1022.7,24135.3,171827.0,2006.0,9.3,GLADSTONE,2026-08-25T23:00:00Z,GWANGYANG,AUGLT,11.3,CAPE,CAPE,True,True,True,1.0,True,True
IMO_9689897,9689897,565285000,STRATEGIC HARMONY,BULK_CARRIER,,UNKNOWN,,,,6.8,155.0,25.0,SG,-23.85092,151.47758,0.0,9.8,13.8,86.0,1,,LUMUT,MYLUM,2026-08-01T09:13:54Z,GLADSTONE,AUGLT,2026-08-21T12:00:00Z,74.88333333333334,2,2026-08-28 04:16:15+00:00,2026-08-28 04:21:18+00:00,0.0,0.0,0.0,72.35833333333333,True,False,True,True,True,True,True,5,0.625,True,MYSHIPTRACKING_AIS_TRIAL,vessel_9689897_20260828T042135Z.json,STRATEGIC HARMONY,565285000.0,Cargo,7.0,,,,6.8,SG,9V2289,GLADSTONE,LUMUT,2026-08-01T09:13:54Z,GLADSTONE,2026-08-21T12:00:00Z,9.8,13.8,12.0,19.9,73.7,1022.7,24135.3,,,6.8,GLADSTONE,2026-08-21T12:00:00Z,LUMUT,GLADSTONE,9.8,VLOC_OR_VERY_LARGE,VLOC_OR_VERY_LARGE,True,False,False,0.6,True,False
IMO_9454905,9454905,210083000,EFESSOS WAVE,BULK_CARRIER,87332.0,PANAMAX,47984.0,2012.0,14.0,7.2,199.0,30.0,CY,-23.86487,151.59145,0.0,9.2,13.5,122.0,1,,NEWCASTLE,AUNTL,2026-06-23T07:07:31Z,GLADSTONE,AUGLT,2026-08-24T21:00:00Z,74.9,2,2026-08-28 04:16:15+00:00,2026-08-28 04:21:18+00:00,0.0,0.0,0.0,72.375,True,True,True,True,True,True,True,8,1.0,True,MYSHIPTRACKING_AIS_TRIAL,vessel_9454905_20260828T042129Z.json,EFESSOS WAVE,210083000.0,Bulk Carrier,7.0,87332.0,47984.0,2012.0,7.2,CY,5BPG3,AU GLT,NEWCASTLE,2026-06-23T07:07:31Z,GLADSTONE,2026-08-24T21:00:00Z,9.2,13.5,12.0,19.9,73.7,1022.7,24135.3,87332.0,2012.0,7.2,GLADSTONE,2026-08-24T21:00:00Z,NEWCASTLE,AU GLT,9.2,PANAMAX,PANAMAX,True,True,True,1.0,True,True
IMO_102579600,102579600,636024708,BH PROGRESS,BULK_CARRIER,,UNKNOWN,,,,,,,,-23.78191,151.47799,0.0,,,75.0,1,,,,,,,,75.21666666666667,2,2026-08-28 04:16:15+00:00,2026-08-28 04:21:18+00:00,0.0,0.0,0.0,72.69166666666666,False,False,True,False,True,True,True,0,0.0,True,MYSHIPTRACKING_AIS_TRIAL,,,,,,,,,,,,,,,,,,,,,,,,,,,,,,,,VLOC_OR_VERY_LARGE,VLOC_OR_VERY_LARGE,False,False,False,0.0,True,False
IMO_9614919,9614919,431812000,SG UNITED,BULK_CARRIER,,UNKNOWN,,,,9.9,254.0,38.0,JP,-23.8134,151.46051,0.2,10.4,14.3,149.0,1,,KASHIMA,JPKSM,2026-07-27T09:08:21Z,,,,75.91666666666667,2,2026-08-28 04:16:15+00:00,2026-08-28 04:21:18+00:00,0.2,0.2,0.2,73.39166666666667,True,False,True,True,True,True,True,3,0.375,True,MYSHIPTRACKING_AIS_TRIAL,vessel_9614919_20260828T042123Z.json,SG UNITED,431812000.0,Cargo,7.0,,,,9.9,JP,7KMO,AU GLT,KASHIMA,2026-07-27T09:08:21Z,,,10.4,14.3,12.0,19.9,73.7,1022.7,24135.3,,,9.9,,,KASHIMA,AU GLT,10.4,VLOC_OR_VERY_LARGE,VLOC_OR_VERY_LARGE,True,False,False,0.4,True,False
IMO_9894818,9894818,538009407,DESERT NAMULI,BULK_CARRIER,,UNKNOWN,,,,6.8,170.0,29.0,MH,-23.82325,151.24626,0.0,,,139.0,5,,TIANJIN,CNTXG,2026-07-18T12:44:26Z,,,,75.98333333333333,2,2026-08-28 04:16:15+00:00,2026-08-28 04:21:18+00:00,0.0,0.0,0.0,73.45833333333334,True,False,True,False,True,True,True,3,0.375,True,MYSHIPTRACKING_AIS_TRIAL,vessel_9894818_20260828T042134Z.json,DESERT NAMULI,538009407.0,Cargo,7.0,,,,6.8,MH,V7A4695,AU GLT,TIANJIN,2026-07-18T12:44:26Z,,,,,10.0,21.4,62.5,1022.5,24135.3,,,6.8,,,TIANJIN,AU GLT,,VLOC_OR_VERY_LARGE,VLOC_OR_VERY_LARGE,True,False,False,0.4,True,False
IMO_9790880,9790880,431491000,NSU VOYAGER,BULK_CARRIER,,UNKNOWN,,,,9.4,257.0,42.0,JP,-23.77969,151.51859,0.1,11.6,15.3,171.0,1,,NAGOYA,JPNGO,2026-08-05T04:44:30Z,GLADSTONE,AUGLT,2026-08-18T07:00:00Z,76.11666666666666,2,2026-08-28 04:16:15+00:00,2026-08-28 04:21:18+00:00,0.1,0.1,0.1,73.59166666666667,True,False,True,True,True,True,True,5,0.625,True,MYSHIPTRACKING_AIS_TRIAL,vessel_9790880_20260828T042121Z.json,NSU VOYAGER,431491000.0,Cargo,7.0,,,,9.4,JP,7JZQ,AU GLT,NAGOYA,2026-08-05T04:44:30Z,GLADSTONE,2026-08-18T07:00:00Z,11.6,15.3,12.0,19.9,73.7,1022.7,24135.3,,,9.4,GLADSTONE,2026-08-18T07:00:00Z,NAGOYA,AU GLT,11.6,VLOC_OR_VERY_LARGE,VLOC_OR_VERY_LARGE,True,False,False,0.6,True,False
IMO_9789831,9789831,636017377,JIA MAY,BULK_CARRIER,,UNKNOWN,,,,7.3,198.0,30.0,LR,-23.76622,151.49601,0.2,12.1,15.1,76.0,1,,KITAKYUSHU,JPKKJ,2026-07-31T16:44:00Z,,,,77.38333333333334,2,2026-08-28 04:16:15+00:00,2026-08-28 04:21:18+00:00,0.2,0.2,0.2,74.85833333333333,True,False,True,True,True,True,True,3,0.375,True,MYSHIPTRACKING_AIS_TRIAL,vessel_9789831_20260828T042131Z.json,JIA MAY,636017377.0,Cargo,7.0,,,,7.3,LR,D5KP6,JP HBK>>AU GLT,KITAKYUSHU,2026-07-31T16:44:00Z,,,12.1,15.1,12.0,19.9,73.7,1022.7,24135.3,,,7.3,,,KITAKYUSHU,JP HBK>>AU GLT,12.1,VLOC_OR_VERY_LARGE,VLOC_OR_VERY_LARGE,True,False,False,0.4,True,False
IMO_9694945,9694945,269084000,BREGAGLIA,BULK_CARRIER,,UNKNOWN,,,,8.1,203.0,37.0,CH,-23.83375,151.47999,0.0,10.6,13.8,73.0,1,,HITACHINAKA,JPHIC,2026-08-08T10:24:31Z,GLADSTONE,AUGLT,2026-08-24T13:30:00Z,78.51666666666667,2,2026-08-28 04:16:15+00:00,2026-08-28 04:21:18+00:00,0.0,0.0,0.0,75.99166666666667,True,False,True,True,True,True,True,5,0.625,True,MYSHIPTRACKING_AIS_TRIAL,vessel_9694945_20260828T042125Z.json,BREGAGLIA,269084000.0,Cargo,7.0,,,,8.1,CH,HBDU,AUGLT,HITACHINAKA,2026-08-08T10:24:31Z,GLADSTONE,2026-08-24T13:30:00Z,10.6,13.8,12.0,19.9,73.7,1022.7,24135.3,,,8.1,GLADSTONE,2026-08-24T13:30:00Z,HITACHINAKA,AUGLT,10.6,VLOC_OR_VERY_LARGE,VLOC_OR_VERY_LARGE,True,False,False,0.6,True,False
IMO_9519779,9519779,205580000,MINERAL STONEHENGE,BULK_CARRIER,175713.0,CAPE,91971.0,2010.0,16.0,10.4,251.0,41.0,BE,-23.81305,151.49913,0.0,10.1,13.8,172.0,1,,BORYEONG,KRBOR,2026-08-04T07:05:24Z,GLADSTONE,AUGLT,2026-08-22T19:00:00Z,78.68333333333334,2,2026-08-28 04:16:15+00:00,2026-08-28 04:21:18+00:00,0.0,0.0,0.0,76.15833333333333,True,True,True,True,True,True,True,8,1.0,True,MYSHIPTRACKING_AIS_TRIAL,vessel_9519779_20260828T042123Z.json,MINERAL STONEHENGE,205580000.0,Bulk Carrier,7.0,175713.0,91971.0,2010.0,10.4,BE,ONGR,AU GLT,BORYEONG,2026-08-04T07:05:24Z,GLADSTONE,2026-08-22T19:00:00Z,10.1,13.8,12.0,19.9,73.7,1022.7,24135.3,175713.0,2010.0,10.4,GLADSTONE,2026-08-22T19:00:00Z,BORYEONG,AU GLT,10.1,CAPE,CAPE,True,True,True,1.0,True,True
IMO_9708318,9708318,636016900,CAROLA,BULK_CARRIER,,UNKNOWN,,,,9.5,200.0,25.0,LR,-23.89876,151.57304,0.2,11.8,14.8,146.0,1,,TAICHUNG,TWTXG,2026-07-30T16:44:36Z,,,,82.81666666666666,2,2026-08-28 04:16:15+00:00,2026-08-28 04:21:18+00:00,0.2,0.2,0.2,80.29166666666666,True,False,True,True,True,True,True,3,0.375,True,MYSHIPTRACKING_AIS_TRIAL,vessel_9708318_20260828T042133Z.json,CAROLA,636016900.0,Cargo,7.0,,,,9.5,LR,D5II3,TW TXG>AU GLT,TAICHUNG,2026-07-30T16:44:36Z,,,11.8,14.8,12.0,20.5,67.0,1022.4,24135.3,,,9.5,,,TAICHUNG,TW TXG>AU GLT,11.8,VLOC_OR_VERY_LARGE,VLOC_OR_VERY_LARGE,True,False,False,0.4,True,False
IMO_9914371,9914371,538012764,METIS TITANIUM,BULK_CARRIER,,UNKNOWN,,,,,,,,-23.84856,151.58976,0.0,,,128.0,1,,,,,,,,82.85,2,2026-08-28 04:16:15+00:00,2026-08-28 04:21:18+00:00,0.0,0.0,0.0,80.32499999999999,False,False,True,False,True,True,True,0,0.0,True,MYSHIPTRACKING_AIS_TRIAL,,,,,,,,,,,,,,,,,,,,,,,,,,,,,,,,VLOC_OR_VERY_LARGE,VLOC_OR_VERY_LARGE,False,False,False,0.0,True,False
IMO_9802205,9802205,636018574,MEDI PALMAROLA,BULK_CARRIER,,UNKNOWN,,,,7.2,202.0,27.0,LR,-23.90016,151.58984,0.1,10.9,15.3,106.0,1,,NEWCASTLE,AUNTL,2026-06-25T17:28:45Z,GLADSTONE,AUGLT,2026-08-24T13:00:00Z,83.66666666666667,2,2026-08-28 04:16:15+00:00,2026-08-28 04:21:18+00:00,0.1,0.1,0.1,81.14166666666667,True,False,True,True,True,True,True,5,0.625,True,MYSHIPTRACKING_AIS_TRIAL,vessel_9802205_20260828T042128Z.json,MEDI PALMAROLA,636018574.0,Cargo,7.0,,,,7.2,LR,D5QH9,GLADSTONE,NEWCASTLE,2026-06-25T17:28:45Z,GLADSTONE,2026-08-24T13:00:00Z,10.9,15.3,12.0,20.5,67.0,1022.4,24135.3,,,7.2,GLADSTONE,2026-08-24T13:00:00Z,NEWCASTLE,GLADSTONE,10.9,VLOC_OR_VERY_LARGE,VLOC_OR_VERY_LARGE,True,False,False,0.6,True,False
IMO_9650767,9650767,352035000,RAGA,BULK_CARRIER,95666.0,PANAMAX,50615.0,2013.0,13.0,7.7,206.0,29.0,PA,-23.81918,151.48063,0.2,12.3,14.9,81.0,1,,HUANGHUA,CNHNH,2026-08-02T09:20:28Z,GLADSTONE,AUGLT,2026-08-18T13:00:00Z,86.28333333333333,2,2026-08-28 04:16:15+00:00,2026-08-28 04:21:18+00:00,0.2,0.2,0.2,83.75833333333333,True,True,True,True,True,True,True,8,1.0,True,MYSHIPTRACKING_AIS_TRIAL,vessel_9650767_20260828T042126Z.json,RAGA,352035000.0,Bulk Carrier,7.0,95666.0,50615.0,2013.0,7.7,PA,3ETH3,CN HUH>AU GLT,HUANGHUA,2026-08-02T09:20:28Z,GLADSTONE,2026-08-18T13:00:00Z,12.3,14.9,12.0,19.9,73.7,1022.7,24135.3,95666.0,2013.0,7.7,GLADSTONE,2026-08-18T13:00:00Z,HUANGHUA,CN HUH>AU GLT,12.3,PANAMAX,PANAMAX,True,True,True,1.0,True,True
IMO_9383508,9383508,352721000,HPC GALAXY,BULK_CARRIER,32228.0,HANDYSIZE,20250.0,2009.0,17.0,6.3,155.0,22.0,PA,-23.88196,151.59079,0.3,11.0,13.7,142.0,1,,GEELONG,AUGEX,2026-08-15T21:31:02Z,GLADSTONE,AUGLT,2026-08-20T10:00:00Z,107.6,2,2026-08-28 04:16:15+00:00,2026-08-28 04:21:18+00:00,0.3,0.3,0.3,105.075,True,True,True,True,True,True,True,8,1.0,True,MYSHIPTRACKING_AIS_TRIAL,vessel_9383508_20260828T042136Z.json,HPC GALAXY,352721000.0,General Cargo,7.0,32228.0,20250.0,2009.0,6.3,PA,3EXV3,AU GLT,GEELONG,2026-08-15T21:31:02Z,GLADSTONE,2026-08-20T10:00:00Z,11.0,13.7,12.0,20.5,67.0,1022.4,24135.3,32228.0,2009.0,6.3,GLADSTONE,2026-08-20T10:00:00Z,GEELONG,AU GLT,11.0,HANDYSIZE,HANDYSIZE,True,True,True,1.0,True,True
IMO_9587350,9587350,636019937,ANABELA,BULK_CARRIER,177029.0,CAPE,92053.0,2010.0,16.0,10.4,251.0,40.0,LR,-23.76171,151.51549,0.2,11.6,14.5,189.0,1,,JINGTANG,CNTAS,2026-08-01T06:20:44Z,,,,108.25,2,2026-08-28 04:16:15+00:00,2026-08-28 04:21:18+00:00,0.2,0.2,0.2,105.725,True,True,True,True,True,True,True,6,0.75,True,MYSHIPTRACKING_AIS_TRIAL,vessel_9587350_20260828T042124Z.json,ANABELA,636019937.0,Bulk Carrier,7.0,177029.0,92053.0,2010.0,10.4,LR,D5WW6,AUGLT,JINGTANG,2026-08-01T06:20:44Z,,,11.6,14.5,12.0,19.9,73.7,1022.7,24135.3,177029.0,2010.0,10.4,,,JINGTANG,AUGLT,11.6,CAPE,CAPE,True,True,True,0.8,True,True
IMO_9815939,9815939,636018518,MEDI GINEVRA,BULK_CARRIER,,UNKNOWN,,,,7.5,199.0,30.0,LR,-23.88145,151.57301,0.1,11.0,15.5,159.0,1,,MIZUSHIMA,JPMIZ,2026-08-01T23:56:37Z,,,,115.68333333333334,2,2026-08-28 04:16:15+00:00,2026-08-28 04:21:18+00:00,0.1,0.1,0.1,113.15833333333332,True,False,True,True,True,True,True,3,0.375,True,MYSHIPTRACKING_AIS_TRIAL,vessel_9815939_20260828T042128Z.json,MEDI GINEVRA,636018518.0,Cargo,7.0,,,,7.5,LR,D5QB3,AUGLT,MIZUSHIMA,2026-08-01T23:56:37Z,,,11.0,15.5,12.0,20.5,67.0,1022.4,24135.3,,,7.5,,,MIZUSHIMA,AUGLT,11.0,VLOC_OR_VERY_LARGE,VLOC_OR_VERY_LARGE,True,False,False,0.4,True,False
IMO_9290971,9290971,441609000,ORIENTAL ENTERPRISE,BULK_CARRIER,88125.0,PANAMAX,48042.0,2004.0,22.0,7.6,196.0,34.0,KR,-23.83007,151.60824,0.0,11.1,14.3,158.0,1,,BORYEONG,KRBOR,2026-06-21T05:17:27Z,,,,126.18333333333334,2,2026-08-28 04:16:15+00:00,2026-08-28 04:21:18+00:00,0.0,0.0,0.0,123.65833333333332,True,True,True,True,True,True,True,6,0.75,True,MYSHIPTRACKING_AIS_TRIAL,vessel_9290971_20260828T042127Z.json,ORIENTAL ENTERPRISE,441609000.0,Bulk Carrier,7.0,88125.0,48042.0,2004.0,7.6,KR,D7CK,AUGLT,BORYEONG,2026-06-21T05:17:27Z,,,11.1,14.3,12.0,19.9,73.7,1022.7,24135.3,88125.0,2004.0,7.6,,,BORYEONG,AUGLT,11.1,PANAMAX,PANAMAX,True,True,True,0.8,True,True
IMO_9747390,9747390,538006474,DSI PEGASUS,BULK_CARRIER,,UNKNOWN,,,,12.8,171.0,29.0,MH,-23.79018,151.18005,0.0,,,127.0,5,,LIANYUNGANG,CNLYG,2026-08-04T01:36:37Z,,,,130.41666666666666,2,2026-08-28 04:16:15+00:00,2026-08-28 04:21:18+00:00,0.0,0.0,0.0,127.89166666666664,True,False,True,False,True,True,True,3,0.375,True,MYSHIPTRACKING_AIS_TRIAL,vessel_9747390_20260828T042133Z.json,DSI PEGASUS,538006474.0,Cargo,7.0,,,,12.8,MH,V7CG4,AU GLT,LIANYUNGANG,2026-08-04T01:36:37Z,,,,,10.0,21.4,62.5,1022.5,24135.3,,,12.8,,,LIANYUNGANG,AU GLT,,VLOC_OR_VERY_LARGE,VLOC_OR_VERY_LARGE,True,False,False,0.4,True,False
