observation_id,source_file,source_file_type,api_snapshot_timestamp,observation_timestamp,ais_received_timestamp,freshness_minutes,imo,mmsi,vessel_name,vtype_raw,vtype7_bulk_candidate,lat,lon,speed,course,nav_status,destination,zone_name,source,raw_record_index,exact_duplicate_observation,imo_observation_sequence
zone_australia_gladstone_hay_point_20260828T042118Z.json_103,zone_australia_gladstone_hay_point_20260828T042118Z.json,zone,2026-08-28 04:21:18+00:00,2026-08-28T04:21:18+00:00,2026-08-28T02:58:16Z,83.03333333333333,9631151,503788000,MT LARCOM,8,False,-23.8519,151.31501,0.0,110.0,5,,AUSTRALIA_GLADSTONE_HAY_POINT,myshiptracking_zone,103,True,2
zone_australia_gladstone_hay_point_20260828T042118Z.json_102,zone_australia_gladstone_hay_point_20260828T042118Z.json,zone,2026-08-28 04:21:18+00:00,2026-08-28T04:21:18+00:00,2026-08-28T02:58:27Z,82.85,9914371,538012764,METIS TITANIUM,7,True,-23.84856,151.58976,0.0,128.0,1,,AUSTRALIA_GLADSTONE_HAY_POINT,myshiptracking_zone,102,True,2
zone_australia_gladstone_hay_point_20260828T042118Z.json_101,zone_australia_gladstone_hay_point_20260828T042118Z.json,zone,2026-08-28 04:21:18+00:00,2026-08-28T04:21:18+00:00,2026-08-28T03:07:48Z,73.5,9565546,351733000,CHESAPEAKE HIGHWAY,7,True,-23.86656,151.57271,0.1,116.0,1,,AUSTRALIA_GLADSTONE_HAY_POINT,myshiptracking_zone,101,True,2
zone_australia_gladstone_hay_point_20260828T042118Z.json_100,zone_australia_gladstone_hay_point_20260828T042118Z.json,zone,2026-08-28 04:21:18+00:00,2026-08-28T04:21:18+00:00,2026-08-28T03:57:06Z,24.2,9633159,636025609,MAIZURU KICHIJO,7,True,-23.85197,151.31129,0.0,261.0,5,,AUSTRALIA_GLADSTONE_HAY_POINT,myshiptracking_zone,100,True,2
zone_australia_gladstone_hay_point_20260828T042118Z.json_99,zone_australia_gladstone_hay_point_20260828T042118Z.json,zone,2026-08-28 04:21:18+00:00,2026-08-28T04:21:18+00:00,2026-08-28T03:06:33Z,74.75,9324502,440422000,WHITE ROSE,7,True,-23.79759,151.47986,0.3,133.0,1,,AUSTRALIA_GLADSTONE_HAY_POINT,myshiptracking_zone,99,True,2
zone_australia_gladstone_hay_point_20260828T042118Z.json_98,zone_australia_gladstone_hay_point_20260828T042118Z.json,zone,2026-08-28 04:21:18+00:00,2026-08-28T04:21:18+00:00,2026-08-28T03:06:42Z,74.6,9889306,352393000,AZUL TIERRA,7,True,-23.79716,151.5176,0.1,181.0,1,,AUSTRALIA_GLADSTONE_HAY_POINT,myshiptracking_zone,98,True,2
zone_australia_gladstone_hay_point_20260828T042118Z.json_30,zone_australia_gladstone_hay_point_20260828T042118Z.json,zone,2026-08-28 04:21:18+00:00,2026-08-28T04:21:18+00:00,2026-08-28T03:57:32Z,23.766666666666666,9990703,563266600,KARLA BULKER,7,True,-23.85173,151.31262,0.0,80.0,5,,AUSTRALIA_GLADSTONE_HAY_POINT,myshiptracking_zone,30,True,2
zone_australia_gladstone_hay_point_20260828T042118Z.json_24,zone_australia_gladstone_hay_point_20260828T042118Z.json,zone,2026-08-28 04:21:18+00:00,2026-08-28T04:21:18+00:00,2026-08-28T03:07:34Z,73.73333333333333,9523201,413985000,YUN LONG FENG,7,True,-23.8292,151.58686,0.1,119.0,1,,AUSTRALIA_GLADSTONE_HAY_POINT,myshiptracking_zone,24,True,2
zone_australia_gladstone_hay_point_20260828T042118Z.json_23,zone_australia_gladstone_hay_point_20260828T042118Z.json,zone,2026-08-28 04:21:18+00:00,2026-08-28T04:21:18+00:00,2026-08-28T03:07:49Z,73.48333333333333,9607136,564856000,RTM DHAMBUL,7,True,-23.83336,151.51863,0.0,251.0,1,,AUSTRALIA_GLADSTONE_HAY_POINT,myshiptracking_zone,23,True,2
zone_australia_gladstone_hay_point_20260828T042118Z.json_22,zone_australia_gladstone_hay_point_20260828T042118Z.json,zone,2026-08-28 04:21:18+00:00,2026-08-28T04:21:18+00:00,2026-08-28T03:07:35Z,73.71666666666667,9877872,538009641,SDTR ERICA,7,True,-23.85242,151.61422,0.0,231.0,1,,AUSTRALIA_GLADSTONE_HAY_POINT,myshiptracking_zone,22,True,2
zone_australia_gladstone_hay_point_20260828T042118Z.json_21,zone_australia_gladstone_hay_point_20260828T042118Z.json,zone,2026-08-28 04:21:18+00:00,2026-08-28T04:21:18+00:00,2026-08-28T03:07:42Z,73.6,9774472,636017368,KANG MAY,7,True,-23.79253,151.18373,0.1,306.0,5,,AUSTRALIA_GLADSTONE_HAY_POINT,myshiptracking_zone,21,True,2
zone_australia_gladstone_hay_point_20260828T042118Z.json_20,zone_australia_gladstone_hay_point_20260828T042118Z.json,zone,2026-08-28 04:21:18+00:00,2026-08-28T04:21:18+00:00,2026-08-28T03:03:55Z,77.38333333333334,9789831,636017377,JIA MAY,7,True,-23.76622,151.49601,0.2,76.0,1,,AUSTRALIA_GLADSTONE_HAY_POINT,myshiptracking_zone,20,True,2
zone_australia_gladstone_hay_point_20260828T042118Z.json_19,zone_australia_gladstone_hay_point_20260828T042118Z.json,zone,2026-08-28 04:21:18+00:00,2026-08-28T04:21:18+00:00,2026-08-28T03:06:05Z,75.21666666666667,102579600,636024708,BH PROGRESS,7,True,-23.78191,151.47799,0.0,75.0,1,,AUSTRALIA_GLADSTONE_HAY_POINT,myshiptracking_zone,19,True,2
zone_australia_gladstone_hay_point_20260828T042118Z.json_18,zone_australia_gladstone_hay_point_20260828T042118Z.json,zone,2026-08-28 04:21:18+00:00,2026-08-28T04:21:18+00:00,2026-08-28T03:07:09Z,74.15,9906740,636021216,TAHO CIRCULAR,7,True,-23.8323,151.49698,0.0,62.0,1,,AUSTRALIA_GLADSTONE_HAY_POINT,myshiptracking_zone,18,True,2
zone_australia_gladstone_hay_point_20260828T042118Z.json_17,zone_australia_gladstone_hay_point_20260828T042118Z.json,zone,2026-08-28 04:21:18+00:00,2026-08-28T04:21:18+00:00,2026-08-28T03:06:24Z,74.9,9454905,210083000,EFESSOS WAVE,7,True,-23.86487,151.59145,0.0,122.0,1,,AUSTRALIA_GLADSTONE_HAY_POINT,myshiptracking_zone,17,True,2
zone_australia_gladstone_hay_point_20260828T042118Z.json_16,zone_australia_gladstone_hay_point_20260828T042118Z.json,zone,2026-08-28 04:21:18+00:00,2026-08-28T04:21:18+00:00,2026-08-28T02:25:37Z,115.68333333333334,9815939,636018518,MEDI GINEVRA,7,True,-23.88145,151.57301,0.1,159.0,1,,AUSTRALIA_GLADSTONE_HAY_POINT,myshiptracking_zone,16,True,2
zone_australia_gladstone_hay_point_20260828T042118Z.json_15,zone_australia_gladstone_hay_point_20260828T042118Z.json,zone,2026-08-28 04:21:18+00:00,2026-08-28T04:21:18+00:00,2026-08-28T02:57:38Z,83.66666666666667,9802205,636018574,MEDI PALMAROLA,7,True,-23.90016,151.58984,0.1,106.0,1,,AUSTRALIA_GLADSTONE_HAY_POINT,myshiptracking_zone,15,True,2
zone_australia_gladstone_hay_point_20260828T042118Z.json_14,zone_australia_gladstone_hay_point_20260828T042118Z.json,zone,2026-08-28 04:21:18+00:00,2026-08-28T04:21:18+00:00,2026-08-28T02:15:07Z,126.18333333333334,9290971,441609000,ORIENTAL ENTERPRISE,7,True,-23.83007,151.60824,0.0,158.0,1,,AUSTRALIA_GLADSTONE_HAY_POINT,myshiptracking_zone,14,True,2
zone_australia_gladstone_hay_point_20260828T042118Z.json_13,zone_australia_gladstone_hay_point_20260828T042118Z.json,zone,2026-08-28 04:21:18+00:00,2026-08-28T04:21:18+00:00,2026-08-28T02:55:01Z,86.28333333333333,9650767,352035000,RAGA,7,True,-23.81918,151.48063,0.2,81.0,1,,AUSTRALIA_GLADSTONE_HAY_POINT,myshiptracking_zone,13,True,2
zone_australia_gladstone_hay_point_20260828T042118Z.json_25,zone_australia_gladstone_hay_point_20260828T042118Z.json,zone,2026-08-28 04:21:18+00:00,2026-08-28T04:21:18+00:00,2026-08-28T02:58:29Z,82.81666666666666,9708318,636016900,CAROLA,7,True,-23.89876,151.57304,0.2,146.0,1,,AUSTRALIA_GLADSTONE_HAY_POINT,myshiptracking_zone,25,True,2
zone_australia_gladstone_hay_point_20260828T042118Z.json_12,zone_australia_gladstone_hay_point_20260828T042118Z.json,zone,2026-08-28 04:21:18+00:00,2026-08-28T04:21:18+00:00,2026-08-28T03:08:02Z,73.26666666666667,9599078,311001257,POPEYE,7,True,-23.81556,151.2388,0.0,138.0,5,,AUSTRALIA_GLADSTONE_HAY_POINT,myshiptracking_zone,12,True,2
zone_australia_gladstone_hay_point_20260828T042118Z.json_10,zone_australia_gladstone_hay_point_20260828T042118Z.json,zone,2026-08-28 04:21:18+00:00,2026-08-28T04:21:18+00:00,2026-08-28T03:31:22Z,49.93333333333333,9885063,636020378,BRILLIANT MERCURY,7,True,-23.81812,151.24128,0.0,138.0,5,,AUSTRALIA_GLADSTONE_HAY_POINT,myshiptracking_zone,10,True,2
zone_australia_gladstone_hay_point_20260828T042118Z.json_9,zone_australia_gladstone_hay_point_20260828T042118Z.json,zone,2026-08-28 04:21:18+00:00,2026-08-28T04:21:18+00:00,2026-08-28T02:58:07Z,83.18333333333334,9640645,538013005,V GAS OHIO,8,False,-23.77802,151.19546,0.0,132.0,5,,AUSTRALIA_GLADSTONE_HAY_POINT,myshiptracking_zone,9,True,2
zone_australia_gladstone_hay_point_20260828T042118Z.json_8,zone_australia_gladstone_hay_point_20260828T042118Z.json,zone,2026-08-28 04:21:18+00:00,2026-08-28T04:21:18+00:00,2026-08-28T03:19:27Z,61.85,9974149,636025078,PUTERI PAHANG,8,False,-23.82505,151.25875,9.6,308.0,0,,AUSTRALIA_GLADSTONE_HAY_POINT,myshiptracking_zone,8,True,2
zone_australia_gladstone_hay_point_20260828T042118Z.json_7,zone_australia_gladstone_hay_point_20260828T042118Z.json,zone,2026-08-28 04:21:18+00:00,2026-08-28T04:21:18+00:00,2026-08-28T02:33:03Z,108.25,9587350,636019937,ANABELA,7,True,-23.76171,151.51549,0.2,189.0,1,,AUSTRALIA_GLADSTONE_HAY_POINT,myshiptracking_zone,7,True,2
zone_australia_gladstone_hay_point_20260828T042118Z.json_6,zone_australia_gladstone_hay_point_20260828T042118Z.json,zone,2026-08-28 04:21:18+00:00,2026-08-28T04:21:18+00:00,2026-08-28T03:02:37Z,78.68333333333334,9519779,205580000,MINERAL STONEHENGE,7,True,-23.81305,151.49913,0.0,172.0,1,,AUSTRALIA_GLADSTONE_HAY_POINT,myshiptracking_zone,6,True,2
zone_australia_gladstone_hay_point_20260828T042118Z.json_5,zone_australia_gladstone_hay_point_20260828T042118Z.json,zone,2026-08-28 04:21:18+00:00,2026-08-28T04:21:18+00:00,2026-08-28T03:05:23Z,75.91666666666667,9614919,431812000,SG UNITED,7,True,-23.8134,151.46051,0.2,149.0,1,,AUSTRALIA_GLADSTONE_HAY_POINT,myshiptracking_zone,5,True,2
zone_australia_gladstone_hay_point_20260828T042118Z.json_4,zone_australia_gladstone_hay_point_20260828T042118Z.json,zone,2026-08-28 04:21:18+00:00,2026-08-28T04:21:18+00:00,2026-08-28T03:06:39Z,74.65,9465186,636019494,ES GLORY SEA,7,True,-23.75762,151.47274,0.1,64.0,1,,AUSTRALIA_GLADSTONE_HAY_POINT,myshiptracking_zone,4,True,2
zone_australia_gladstone_hay_point_20260828T042118Z.json_3,zone_australia_gladstone_hay_point_20260828T042118Z.json,zone,2026-08-28 04:21:18+00:00,2026-08-28T04:21:18+00:00,2026-08-28T03:07:35Z,73.71666666666667,9700823,352286000,CAPE HOPE,7,True,-23.8005,151.49697,0.2,125.0,1,,AUSTRALIA_GLADSTONE_HAY_POINT,myshiptracking_zone,3,True,2
zone_australia_gladstone_hay_point_20260828T042118Z.json_2,zone_australia_gladstone_hay_point_20260828T042118Z.json,zone,2026-08-28 04:21:18+00:00,2026-08-28T04:21:18+00:00,2026-08-28T03:05:11Z,76.11666666666666,9790880,431491000,NSU VOYAGER,7,True,-23.77969,151.51859,0.1,171.0,1,,AUSTRALIA_GLADSTONE_HAY_POINT,myshiptracking_zone,2,True,2
zone_australia_gladstone_hay_point_20260828T042118Z.json_1,zone_australia_gladstone_hay_point_20260828T042118Z.json,zone,2026-08-28 04:21:18+00:00,2026-08-28T04:21:18+00:00,2026-08-28T03:08:00Z,73.3,9603398,373033000,CAPE RAINBOW,7,True,-23.79231,151.53191,3.9,208.0,0,,AUSTRALIA_GLADSTONE_HAY_POINT,myshiptracking_zone,1,True,2
zone_australia_gladstone_hay_point_20260828T042118Z.json_0,zone_australia_gladstone_hay_point_20260828T042118Z.json,zone,2026-08-28 04:21:18+00:00,2026-08-28T04:21:18+00:00,2026-08-28T03:06:34Z,74.73333333333333,9713442,372754000,CAPE HARVEST,7,True,-23.84951,151.45999,0.3,126.0,1,,AUSTRALIA_GLADSTONE_HAY_POINT,myshiptracking_zone,0,True,2
zone_australia_gladstone_hay_point_20260828T042118Z.json_11,zone_australia_gladstone_hay_point_20260828T042118Z.json,zone,2026-08-28 04:21:18+00:00,2026-08-28T04:21:18+00:00,2026-08-28T03:02:47Z,78.51666666666667,9694945,269084000,BREGAGLIA,7,True,-23.83375,151.47999,0.0,73.0,1,,AUSTRALIA_GLADSTONE_HAY_POINT,myshiptracking_zone,11,True,2
zone_australia_gladstone_hay_point_20260828T042118Z.json_26,zone_australia_gladstone_hay_point_20260828T042118Z.json,zone,2026-08-28 04:21:18+00:00,2026-08-28T04:21:18+00:00,2026-08-28T02:10:53Z,130.41666666666666,9747390,538006474,DSI PEGASUS,7,True,-23.79018,151.18005,0.0,127.0,5,,AUSTRALIA_GLADSTONE_HAY_POINT,myshiptracking_zone,26,True,2
zone_australia_gladstone_hay_point_20260828T042118Z.json_27,zone_australia_gladstone_hay_point_20260828T042118Z.json,zone,2026-08-28 04:21:18+00:00,2026-08-28T04:21:18+00:00,2026-08-28T04:18:09Z,3.15,9934204,477833200,JOSCO LIUZHOU,7,True,-23.82068,151.24365,0.0,140.0,5,,AUSTRALIA_GLADSTONE_HAY_POINT,myshiptracking_zone,27,False,2
zone_australia_gladstone_hay_point_20260828T042118Z.json_28,zone_australia_gladstone_hay_point_20260828T042118Z.json,zone,2026-08-28 04:21:18+00:00,2026-08-28T04:21:18+00:00,2026-08-28T03:05:19Z,75.98333333333333,9894818,538009407,DESERT NAMULI,7,True,-23.82325,151.24626,0.0,139.0,5,,AUSTRALIA_GLADSTONE_HAY_POINT,myshiptracking_zone,28,True,2
zone_australia_gladstone_hay_point_20260828T042118Z.json_51,zone_australia_gladstone_hay_point_20260828T042118Z.json,zone,2026-08-28 04:21:18+00:00,2026-08-28T04:21:18+00:00,2026-08-28T03:07:10Z,74.13333333333334,9557587,503641000,VB KOONGO,3,False,-23.82487,151.24391,0.0,80.0,5,,AUSTRALIA_GLADSTONE_HAY_POINT,myshiptracking_zone,51,True,2
zone_australia_gladstone_hay_point_20260828T042118Z.json_50,zone_australia_gladstone_hay_point_20260828T042118Z.json,zone,2026-08-28 04:21:18+00:00,2026-08-28T04:21:18+00:00,2026-08-28T03:07:56Z,73.36666666666666,9557599,503642000,VB YALLARM,3,False,-23.83668,151.28152,6.6,289.0,0,,AUSTRALIA_GLADSTONE_HAY_POINT,myshiptracking_zone,50,True,2
zone_australia_gladstone_hay_point_20260828T042118Z.json_49,zone_australia_gladstone_hay_point_20260828T042118Z.json,zone,2026-08-28 04:21:18+00:00,2026-08-28T04:21:18+00:00,2026-08-28T03:07:55Z,73.38333333333334,9578490,503646000,VB AWOONGA,3,False,-23.83723,151.28279,6.8,293.0,0,,AUSTRALIA_GLADSTONE_HAY_POINT,myshiptracking_zone,49,True,2
zone_australia_gladstone_hay_point_20260828T042118Z.json_48,zone_australia_gladstone_hay_point_20260828T042118Z.json,zone,2026-08-28 04:21:18+00:00,2026-08-28T04:21:18+00:00,2026-08-28T03:04:07Z,77.18333333333334,9559248,503000216,VB SEA EAGLE,3,False,-23.82433,151.24317,0.0,511.0,5,,AUSTRALIA_GLADSTONE_HAY_POINT,myshiptracking_zone,48,True,2
zone_australia_gladstone_hay_point_20260828T042118Z.json_47,zone_australia_gladstone_hay_point_20260828T042118Z.json,zone,2026-08-28 04:21:18+00:00,2026-08-28T04:21:18+00:00,2026-08-28T03:11:16Z,70.03333333333333,9795787,503000229,SL LULU,0,False,-23.83523,151.27764,6.7,291.0,0,,AUSTRALIA_GLADSTONE_HAY_POINT,myshiptracking_zone,47,True,2
zone_australia_gladstone_hay_point_20260828T042118Z.json_46,zone_australia_gladstone_hay_point_20260828T042118Z.json,zone,2026-08-28 04:21:18+00:00,2026-08-28T04:21:18+00:00,2026-08-28T03:02:58Z,78.33333333333333,9795799,503000231,SL MURJAN,0,False,-23.77822,151.19532,0.0,36.0,0,,AUSTRALIA_GLADSTONE_HAY_POINT,myshiptracking_zone,46,True,2
zone_australia_gladstone_hay_point_20260828T042118Z.json_45,zone_australia_gladstone_hay_point_20260828T042118Z.json,zone,2026-08-28 04:21:18+00:00,2026-08-28T04:21:18+00:00,2026-08-28T03:05:41Z,75.61666666666666,9693472,503020180,SL CURTIS ISLAND,3,False,-23.82482,151.24429,0.0,259.0,5,,AUSTRALIA_GLADSTONE_HAY_POINT,myshiptracking_zone,45,True,2
zone_australia_gladstone_hay_point_20260828T042118Z.json_44,zone_australia_gladstone_hay_point_20260828T042118Z.json,zone,2026-08-28 04:21:18+00:00,2026-08-28T04:21:18+00:00,2026-08-28T03:07:57Z,73.35,9743679,503024450,SL BOYNE ISLAND,3,False,-23.77748,151.19466,0.1,135.0,0,,AUSTRALIA_GLADSTONE_HAY_POINT,myshiptracking_zone,44,True,2
zone_australia_gladstone_hay_point_20260828T042118Z.json_43,zone_australia_gladstone_hay_point_20260828T042118Z.json,zone,2026-08-28 04:21:18+00:00,2026-08-28T04:21:18+00:00,2026-08-28T03:06:09Z,75.15,9693484,503022140,SL QUOIN ISLAND,3,False,-23.7796,151.19765,0.0,311.0,0,,AUSTRALIA_GLADSTONE_HAY_POINT,myshiptracking_zone,43,True,2
zone_australia_gladstone_hay_point_20260828T042118Z.json_42,zone_australia_gladstone_hay_point_20260828T042118Z.json,zone,2026-08-28 04:21:18+00:00,2026-08-28T04:21:18+00:00,2026-08-28T03:04:44Z,76.56666666666666,9743693,503000093,VB WIGGINS ISLAND,3,False,-23.77906,151.19636,0.0,35.0,0,,AUSTRALIA_GLADSTONE_HAY_POINT,myshiptracking_zone,42,True,2
zone_australia_gladstone_hay_point_20260828T042118Z.json_41,zone_australia_gladstone_hay_point_20260828T042118Z.json,zone,2026-08-28 04:21:18+00:00,2026-08-28T04:21:18+00:00,2026-08-28T03:18:43Z,62.583333333333336,9743681,503026120,VB HERON ISLAND,3,False,-23.8273,151.26124,9.4,307.2,0,,AUSTRALIA_GLADSTONE_HAY_POINT,myshiptracking_zone,41,True,2
zone_australia_gladstone_hay_point_20260828T042118Z.json_36,zone_australia_gladstone_hay_point_20260828T042118Z.json,zone,2026-08-28 04:21:18+00:00,2026-08-28T04:21:18+00:00,2026-08-28T03:07:55Z,73.38333333333334,963917700,503004550,BRUCE,0,False,-23.76932,151.18899,1.7,102.0,0,,AUSTRALIA_GLADSTONE_HAY_POINT,myshiptracking_zone,36,True,2
zone_australia_gladstone_hay_point_20260828T042118Z.json_35,zone_australia_gladstone_hay_point_20260828T042118Z.json,zone,2026-08-28 04:21:18+00:00,2026-08-28T04:21:18+00:00,2026-08-28T03:06:05Z,75.21666666666667,9883560,357138000,BUENA AMISTAD,8,False,-23.83258,151.26119,0.0,282.0,5,,AUSTRALIA_GLADSTONE_HAY_POINT,myshiptracking_zone,35,True,2
zone_australia_gladstone_hay_point_20260828T042118Z.json_34,zone_australia_gladstone_hay_point_20260828T042118Z.json,zone,2026-08-28 04:21:18+00:00,2026-08-28T04:21:18+00:00,2026-08-28T03:05:40Z,75.63333333333334,9212452,357800000,WINCANTON,8,False,-23.86608,151.61309,0.0,209.0,1,,AUSTRALIA_GLADSTONE_HAY_POINT,myshiptracking_zone,34,True,2
zone_australia_gladstone_hay_point_20260828T042118Z.json_33,zone_australia_gladstone_hay_point_20260828T042118Z.json,zone,2026-08-28 04:21:18+00:00,2026-08-28T04:21:18+00:00,2026-08-28T02:33:42Z,107.6,9383508,352721000,HPC GALAXY,7,True,-23.88196,151.59079,0.3,142.0,1,,AUSTRALIA_GLADSTONE_HAY_POINT,myshiptracking_zone,33,True,2
zone_australia_gladstone_hay_point_20260828T042118Z.json_32,zone_australia_gladstone_hay_point_20260828T042118Z.json,zone,2026-08-28 04:21:18+00:00,2026-08-28T04:21:18+00:00,2026-08-28T04:20:40Z,0.6333333333333333,9947768,636093091,BBC URANUS,7,True,-23.83292,151.26313,0.0,109.0,5,,AUSTRALIA_GLADSTONE_HAY_POINT,myshiptracking_zone,32,False,2
zone_australia_gladstone_hay_point_20260828T042118Z.json_31,zone_australia_gladstone_hay_point_20260828T042118Z.json,zone,2026-08-28 04:21:18+00:00,2026-08-28T04:21:18+00:00,2026-08-28T03:06:25Z,74.88333333333334,9689897,565285000,STRATEGIC HARMONY,7,True,-23.85092,151.47758,0.0,86.0,1,,AUSTRALIA_GLADSTONE_HAY_POINT,myshiptracking_zone,31,True,2
zone_australia_gladstone_hay_point_20260828T042118Z.json_29,zone_australia_gladstone_hay_point_20260828T042118Z.json,zone,2026-08-28 04:21:18+00:00,2026-08-28T04:21:18+00:00,2026-08-28T04:02:43Z,18.583333333333332,9581693,538005240,BOUGAINVILLE,8,False,-23.39355,151.03146,0.1,195.0,1,,AUSTRALIA_GLADSTONE_HAY_POINT,myshiptracking_zone,29,True,2
zone_australia_gladstone_hay_point_20260828T042118Z.json_119,zone_australia_gladstone_hay_point_20260828T042118Z.json,zone,2026-08-28 04:21:18+00:00,2026-08-28T04:21:18+00:00,2026-08-28T04:16:43Z,4.583333333333333,,5030267,,11,False,-23.84036,151.255,0.0,0.0,15,,AUSTRALIA_GLADSTONE_HAY_POINT,myshiptracking_zone,119,False,132
