report_date,old_extracted,five_tc_sentences,source
2019-04-08,3460.0,"VALUES=[3460.0, 4881.0] | lk Week 14: The Baltic Briefing About Us About Us Contact Us Privacy Policy Publications Dry Cargo Magazine Dry Cargo Handling Directory Advertising Magazine Advertising Online Banner Advertising Newsletter Banner Advertising Online Lead-Generating Content Media kit DCi Media Pack Editorial Programme Advertising Rates News Latest News Dry Bulk Trade & Commodities Shipping & Transport Ports & Terminals Engineering & Equipment Breakbulk Regional Focus Events Subscribe Dry Bulk Week 14: The Baltic Briefing 08 April 2019 Dry Bulk | Trade & Commodities | Shipping & Transport Bulk report – Week 14 Capesize The Capesize market over the past week looked to have found a floor on Tuesday with the BCI 5TC at $3460 before firming into the rest of the week, ending at $4881.",https://www.drycargomag.com/dry-bulk-week-14-the-baltic-briefing
2019-05-13,11182.0,"VALUES=[11182.0, 9898.0, 11621.0] | The BCI 5TC reduced from $11,182 at the end of the previous week to a low of $9,898 on Tuesday, but rebounded to $11,621 by Friday.",https://www.drycargomag.com/dry-bulk-week-19-the-baltic-briefing
2019-05-20,11621.0,"VALUES=[11621.0, 12000.0] | The Capesize 5TC opened with upward momentum from last week’s $11,621 and nudged to over $12,000.",https://www.drycargomag.com/dry-bulk-week-20-the-baltic-briefing
2019-06-17,15007.0,"VALUES=[15007.0] | The 5TC average opened the week at $15,007 and largely softened throughout.
VALUES=[14203.0] | The 5TC average closed Friday at $14,203.",https://www.drycargomag.com/dry-bulk-week-24-the-baltic-briefing
2019-06-24,14203.0,"VALUES=[14203.0, 17947.0] | The C5TC market opened Monday at $14,203 and closed Friday at $17,947.",https://www.drycargomag.com/dry-bulk-week-25-the-baltic-briefing
2019-07-01,17947.0,"VALUES=[17947.0, 19360.0] | The C5TC opened the week at $17,947 to close Friday at $19,360.",https://www.drycargomag.com/dry-bulk-week-26-the-baltic-briefing
2019-07-15,27389.0,"VALUES=[27389.0] | The C5TC continued its rise, closing out on Friday at $27,389 surpassing highs of 2018 while still looking stable and supported.",https://www.drycargomag.com/dry-bulk-week-28-the-baltic-briefing
2019-07-29,32765.0,"VALUES=[32765.0, 27145.0] | The 5TC opened the week at $32,765 and closed on Friday at $27,145.",https://www.drycargomag.com/dry-bulk-week-30-the-baltic-briefing
2019-08-05,25749.0,"VALUES=[32963.0, 25749.0] | Dry Bulk Week 31: The Baltic Briefing About Us About Us Contact Us Privacy Policy Publications Dry Cargo Magazine Dry Cargo Handling Directory Advertising Magazine Advertising Online Banner Advertising Newsletter Banner Advertising Online Lead-Generating Content Media kit DCi Media Pack Editorial Programme Advertising Rates News Latest News Dry Bulk Trade & Commodities Shipping & Transport Ports & Terminals Engineering & Equipment Breakbulk Regional Focus Events Subscribe Dry Bulk Week 31: The Baltic Briefing 05 August 2019 Dry Bulk | Trade & Commodities | Shipping & Transport Dry Bulk Report – Week 31 Capesize Having hit a high of $32,963 early last week, the Capesize 5TC now stands at $25,749.",https://www.drycargomag.com/dry-bulk-week-31-the-baltic-briefing
2019-08-12,24022.0,"VALUES=[24022.0] | The Cape 5TC was published at $24,022.",https://www.drycargomag.com/dry-bulk-week-32-the-baltic-briefing
2019-09-09,38014.0,"VALUES=[38014.0] | Dry Bulk Week 36: The Baltic Briefing About Us About Us Contact Us Privacy Policy Publications Dry Cargo Magazine Dry Cargo Handling Directory Advertising Magazine Advertising Online Banner Advertising Newsletter Banner Advertising Online Lead-Generating Content Media kit DCi Media Pack Editorial Programme Advertising Rates News Latest News Dry Bulk Trade & Commodities Shipping & Transport Ports & Terminals Engineering & Equipment Breakbulk Regional Focus Events Subscribe Dry Bulk Week 36: The Baltic Briefing 09 September 2019 Dry Bulk | Shipping & Transport Bulk Report – Week 36 Capesize The market reached new heights this week as the 5TC topped $38,014, a level not seen in the sector since 2013.
VALUES=[37921.0] | Fridays 5TC closed down $732 to settle at $37,921.",https://www.drycargomag.com/dry-bulk-week-36-the-baltic-briefing
2019-09-23,33996.0,"VALUES=[33996.0, 31470.0] | The 5TC opened the week at $33,996 to close at $31,470.",https://www.drycargomag.com/dry-bulk-week-38-the-baltic-briefing
2019-10-21,26382.0,"VALUES=[26382.0, 25117.0] | The 5TC opened the week at $26,382 before closing on a slightly down note Friday at $25,117.",https://www.drycargomag.com/dry-bulk-week-42-the-baltic-briefing
2019-11-11,24637.0,"VALUES=[20000.0] | It has now dropped below the $20,000 level on 5TC, which hasn’t been seen since early July.
VALUES=[24637.0, 19716.0] | The 5TC opened the week at $24,637 and was seen to drop almost 20% down to $19,716.",https://www.drycargomag.com/dry-bulk-week-45-the-baltic-briefing
2019-11-25,20970.0,"VALUES=[20970.0, 18930.0] | The 5TC average opened the week at $20,970 and closed out Friday up $580 to settle at $18,930, illustrating clearly the deteriorating condition of the market.",https://www.drycargomag.com/dry-bulk-week-47-the-baltic-briefing
2019-12-02,23865.0,"VALUES=[18930.0, 23865.0] | Opening the week at $18,930 on the Capesize 5TC, it has now lifted to $23,865.",https://www.drycargomag.com/dry-bulk-week-48-the-baltic-brefing
2019-12-16,5702.0,"VALUES=[5702.0, 18002.0] | While downward momentum may have slowed a touch by Friday, the Capesize 5TC took a trouncing, losing $5,702 to settle at an almost six-month low of $18,002.",https://www.drycargomag.com/dry-bulk-week-50-the-baltic-briefing
2019-12-23,14451.0,"VALUES=[14451.0] | The C5TC settled at $14,451 on Friday, with two days left to price for the year.",https://www.drycargomag.com/dry-bulk-week-51-the-baltic-briefing
2020-01-06,10825.0,"VALUES=[6200.0, 10825.0, 11525.0, 14337.0] | A Pacific round voyage at week’s end was assessed at $6,200 and the 5TC average at $10,825 which, on 24 December 2019, were at $11,525 and $14,337 respectively.",https://www.drycargomag.com/dry-bulk-week-1
2020-01-27,8352.0,"VALUES=[8352.0, 4772.0] | Dry Bulk: Week 4 About Us About Us Contact Us Privacy Policy Publications Dry Cargo Magazine Dry Cargo Handling Directory Advertising Magazine Advertising Online Banner Advertising Newsletter Banner Advertising Online Lead-Generating Content Media kit DCi Media Pack Editorial Programme Advertising Rates News Latest News Dry Bulk Trade & Commodities Shipping & Transport Ports & Terminals Engineering & Equipment Breakbulk Regional Focus Events Subscribe Dry Bulk: Week 4 27 January 2020 Dry Bulk | Trade & Commodities | Shipping & Transport Bulk report – Week 4 Capesize The market endured heavy losses throughout the past week, with the Capesize 5TC dropping from $8,352 to $4,772.",https://www.drycargomag.com/dry-bulk-week-4
2020-03-02,2274.0,"VALUES=[2274.0, 3000.0] | The Capesize 5TC, now $2,274, has remained below $3,000 for three weeks straight, whilst market conditions seemingly continue to deteriorate.",https://www.drycargomag.com/dry-bulk-week-9
2020-04-27,10081.0,"VALUES=[10081.0, 8381.0] | The Capesize 5TC peaked early in the week at $10,081, before gains were gradually eroded down to $8,381 by Friday.",https://www.drycargomag.com/dry-bulk-week-17
2020-06-08,7307.0,"VALUES=[3369.0, 7307.0] | At a paltry $3369 from the beginning of the week, the Capesize 5TC has lifted to $7307 with momentum continuing to build.",https://www.drycargomag.com/dry-bulk-week-23
2020-06-15,12410.0,"VALUES=[12410.0] | Earnings have lifted from sub operating cost levels under two weeks ago, to now having surged up to have the Capesize 5TC settling at $12,410.",https://www.drycargomag.com/dry-bulk-week-24
2020-06-29,29641.0,"VALUES=[29641.0] | From persistent lows earlier caused by a barrage of negative factors, the capesize 5TC market has outperformed in spectacular fashion to now reside at $29641.",https://www.drycargomag.com/dry-bulk-week-26
2020-07-20,25085.0,"VALUES=[25085.0] | A backwardated forward curve illustrating a capesize 5TC spot level from today of $25,085, down to Q4 at $17-18k, gives an indication of market confidence.",https://www.drycargomag.com/dry-bulk-week-29
2020-07-27,25085.0,"VALUES=[25085.0, 17285.0] | Dry Bulk: Week 30 About Us About Us Contact Us Privacy Policy Publications Dry Cargo Magazine Dry Cargo Handling Directory Advertising Magazine Advertising Online Banner Advertising Newsletter Banner Advertising Online Lead-Generating Content Media kit DCi Media Pack Editorial Programme Advertising Rates News Latest News Dry Bulk Trade & Commodities Shipping & Transport Ports & Terminals Engineering & Equipment Breakbulk Regional Focus Events Subscribe Dry Bulk: Week 30 27 July 2020 Dry Bulk | Trade & Commodities | Shipping & Transport Capesize The capesize market had the stuffing knocked out of it this week as the 5TC dropped from $25,085 down to $17,285.",https://www.drycargomag.com/dry-bulk-week-30
2020-10-05,30000.0,"VALUES=[30000.0] | Dry Bulk: Week 40 About Us About Us Contact Us Privacy Policy Publications Dry Cargo Magazine Dry Cargo Handling Directory Advertising Magazine Advertising Online Banner Advertising Newsletter Banner Advertising Online Lead-Generating Content Media kit DCi Media Pack Editorial Programme Advertising Rates News Latest News Dry Bulk Trade & Commodities Shipping & Transport Ports & Terminals Engineering & Equipment Breakbulk Regional Focus Events Subscribe Dry Bulk: Week 40 05 October 2020 Dry Bulk | Trade & Commodities | Shipping & Transport Capesize Firm trading activity this week has pushed the Capesize 5TC up and over the $30000 level, reaching near new highs for the year.",https://www.drycargomag.com/dry-bulk-week-40
2020-10-12,29479.0,"VALUES=[34896.0] | Dry Bulk: Week 41 About Us About Us Contact Us Privacy Policy Publications Dry Cargo Magazine Dry Cargo Handling Directory Advertising Magazine Advertising Online Banner Advertising Newsletter Banner Advertising Online Lead-Generating Content Media kit DCi Media Pack Editorial Programme Advertising Rates News Latest News Dry Bulk Trade & Commodities Shipping & Transport Ports & Terminals Engineering & Equipment Breakbulk Regional Focus Events Subscribe Dry Bulk: Week 41 12 October 2020 Dry Bulk | Trade & Commodities | Shipping & Transport Capesize The Capesize market reached new highs for the year this week, topping out at $34,896 on the 5TC.",https://www.drycargomag.com/dry-bulk-week-41
2020-11-02,3199.0,"VALUES=[15550.0, 3199.0] | Following that, rates collapsed down to $15,550 on the Capesize 5TC, a drop of $3,199 for the week.",https://www.drycargomag.com/dry-bulk-week-44
2020-11-09,14421.0,"VALUES=[14421.0] | The end of the week brought about a small uptick of +244 to settle the Capesize 5TC at $14,421, possibly placing a support level, although others would suggest it will allow for a breather before further declines.",https://www.drycargomag.com/dry-bulk-week-45
2020-12-07,12712.0,"VALUES=[12712.0] | Dry Bulk: Week 49 About Us About Us Contact Us Privacy Policy Publications Dry Cargo Magazine Dry Cargo Handling Directory Advertising Magazine Advertising Online Banner Advertising Newsletter Banner Advertising Online Lead-Generating Content Media kit DCi Media Pack Editorial Programme Advertising Rates News Latest News Dry Bulk Trade & Commodities Shipping & Transport Ports & Terminals Engineering & Equipment Breakbulk Regional Focus Events Subscribe Dry Bulk: Week 49 07 December 2020 Dry Bulk | Trade & Commodities | Shipping & Transport Capesize The Capesize market continued its meandering behaviour this week as the 5TC opened at $12,712.",https://www.drycargomag.com/dry-bulk-week-49
2021-03-01,14224.0,"VALUES=[14224.0, 11934.0] | Dry Bulk: Week 8 About Us About Us Contact Us Privacy Policy Publications Dry Cargo Magazine Dry Cargo Handling Directory Advertising Magazine Advertising Online Banner Advertising Newsletter Banner Advertising Online Lead-Generating Content Media kit DCi Media Pack Editorial Programme Advertising Rates News Latest News Dry Bulk Trade & Commodities Shipping & Transport Ports & Terminals Engineering & Equipment Breakbulk Regional Focus Events Subscribe Dry Bulk: Week 8 01 March 2021 Dry Bulk | Trade & Commodities | Shipping & Transport Capesize The market took on a mild downward slide during this week with the 5TC opening at $14,224 to close out at $11,934.",https://www.drycargomag.com/dry-bulk-week-8-2021
2021-03-15,14794.0,"VALUES=[14794.0, 17889.0, 16741.0] | The Capesize 5TC opened the week at $14,794 to move quickly up to $17,889 at midweek before tailing off towards the weekend at $16,741.",https://www.drycargomag.com/dry-bulk-week-10-2021
2021-03-29,19437.0,"VALUES=[19437.0, 19014.0] | The 5TC opened the week at $19,437 to close out the week down $423 at $19,014.",https://www.drycargomag.com/dry-bulk-week-12-2021
2021-04-12,4058.0,"VALUES=[23911.0] | The Capesize 5TC lifted 4,058 over the shortened post Easter holiday week to $23,911.",https://www.drycargomag.com/dry-bulk-week-14-2021
2021-04-19,23911.0,"VALUES=[23911.0] | The Capesize 5TC started the week at $23,911, surged early in the week before a lull mid-week.",https://www.drycargomag.com/dry-bulk-week-15
2021-04-26,6242.0,"VALUES=[6242.0, 34762.0] | The 5TC rose $6,242 to settle at the end of the week at $34,762.",https://www.drycargomag.com/dry-bulk-week-16-2021
2021-05-04,40608.0,"VALUES=[40608.0] | Dry Bulk: Week 17 About Us About Us Contact Us Privacy Policy Publications Dry Cargo Magazine Dry Cargo Handling Directory Advertising Magazine Advertising Online Banner Advertising Newsletter Banner Advertising Online Lead-Generating Content Media kit DCi Media Pack Editorial Programme Advertising Rates News Latest News Dry Bulk Trade & Commodities Shipping & Transport Ports & Terminals Engineering & Equipment Breakbulk Regional Focus Events Subscribe Dry Bulk: Week 17 04 May 2021 Dry Bulk | Trade & Commodities | Shipping & Transport Capesize The market is showing no signs of easing as rates continued to ascend this week reaching record highs for the 5TC average at $40,608.",https://www.drycargomag.com/dry-bulk-week-17-2021
2021-05-10,40608.0,"VALUES=[40608.0, 44817.0, 41514.0] | The 5TC opened the week at $40,608, peaked at $44,817 mid-week before finally retracing to take a breather at $41,514.",https://www.drycargomag.com/dry-bulk-week-18-2021
2021-08-09,36150.0,"VALUES=[36150.0] | Dry Bulk: Week 31 About Us About Us Contact Us Privacy Policy Publications Dry Cargo Magazine Dry Cargo Handling Directory Advertising Magazine Advertising Online Banner Advertising Newsletter Banner Advertising Online Lead-Generating Content Media kit DCi Media Pack Editorial Programme Advertising Rates News Latest News Dry Bulk Trade & Commodities Shipping & Transport Ports & Terminals Engineering & Equipment Breakbulk Regional Focus Events Subscribe Dry Bulk: Week 31 09 August 2021 Dry Bulk | Trade & Commodities | Shipping & Transport Capesize The Capesize market broke out of its recent range this week as the 5TC peaked on Thursday before easing Friday slightly down at $36,150.",https://www.drycargomag.com/dry-bulk-week-31-2021
2021-08-16,4766.0,"VALUES=[39526.0] | By the end of the week both 5TC and BCI reached a new high since mid-May, at 4,766 and $39,526 respectively.",https://www.drycargomag.com/dry-bulk-week-32-2021
2021-08-31,6162.0,"VALUES=[] | Dry Bulk: Week 34 About Us About Us Contact Us Privacy Policy Publications Dry Cargo Magazine Dry Cargo Handling Directory Advertising Magazine Advertising Online Banner Advertising Newsletter Banner Advertising Online Lead-Generating Content Media kit DCi Media Pack Editorial Programme Advertising Rates News Latest News Dry Bulk Trade & Commodities Shipping & Transport Ports & Terminals Engineering & Equipment Breakbulk Regional Focus Events Subscribe Dry Bulk: Week 34 31 August 2021 Dry Bulk | Trade & Commodities | Shipping & Transport Capesize Both the overall index and 5 time charter (5TC) average climbed back to positive territory at the end of the week after a mid-week decline.
VALUES=[51099.0] | The 5TC recorded an improvement of $986 to $51,099 on Friday.",https://www.drycargomag.com/dry-bulk-week-34-2021
2021-11-01,15398.0,"VALUES=[36065.0] | Dry Bulk: Week 43 About Us About Us Contact Us Privacy Policy Publications Dry Cargo Magazine Dry Cargo Handling Directory Advertising Magazine Advertising Online Banner Advertising Newsletter Banner Advertising Online Lead-Generating Content Media kit DCi Media Pack Editorial Programme Advertising Rates News Latest News Dry Bulk Trade & Commodities Shipping & Transport Ports & Terminals Engineering & Equipment Breakbulk Regional Focus Events Subscribe Dry Bulk: Week 43 01 November 2021 Dry Bulk | Trade & Commodities | Shipping & Transport Capesize The Capesize market was in dire straits this week as tonnage levels were heard to be building while many areas had minimal activity as the 5TC dropped -15,398 to $36,065 week on week.",https://www.drycargomag.com/dry-bulk-week-43-2021
2022-01-24,7390.0,"VALUES=[7390.0] | k 3 About Us About Us Contact Us Privacy Policy Publications Dry Cargo Magazine Dry Cargo Handling Directory Advertising Magazine Advertising Online Banner Advertising Newsletter Banner Advertising Online Lead-Generating Content Media kit DCi Media Pack Editorial Programme Advertising Rates News Latest News Dry Bulk Trade & Commodities Shipping & Transport Ports & Terminals Engineering & Equipment Breakbulk Regional Focus Events Subscribe Dry Bulk: Week 3 24 January 2022 Dry Bulk | Trade & Commodities | Shipping & Transport Capesize There was little support to be found for the Capesize market over the last week as dwindling rates and rising bunker prices slashed earnings for owners with the 5TC Weighted Average dropping to $7,390.",https://www.drycargomag.com/dry-bulk-week-3-2022
2022-01-31,7390.0,"VALUES=[7390.0, 5826.0, 8918.0] | The 5TC weighted average opened the week at $7,390, descended to a low of $5,826 before settling at week’s end to $8,918.",https://www.drycargomag.com/dry-bulk-week-4-2022
2022-04-04,13596.0,"VALUES=[13596.0, 15460.0] | However, by Friday green shoots were beginning to emerge as the 5TC saw a low of $13,596 yet closed at $15,460.",https://www.drycargomag.com/dry-bulk-week-13-2022
2022-04-25,15299.0,"VALUES=[15299.0] | Dry Bulk: Week 16 / 2022 About Us About Us Contact Us Privacy Policy Publications Dry Cargo Magazine Dry Cargo Handling Directory Advertising Magazine Advertising Online Banner Advertising Newsletter Banner Advertising Online Lead-Generating Content Media kit DCi Media Pack Editorial Programme Advertising Rates News Latest News Dry Bulk Trade & Commodities Shipping & Transport Ports & Terminals Engineering & Equipment Breakbulk Regional Focus Events Subscribe Dry Bulk: Week 16 / 2022 25 April 2022 Dry Bulk | Trade & Commodities | Shipping & Transport Capesize After several weeks of relatively flat price movement, the Capesize 5TC market has started to show a little positive sentiment with levels pushed to $15,299.",https://www.drycargomag.com/dry-bulk-week-16-2022
2022-05-03,2003.0,"VALUES=[16609.0, 17713.0] | Dry Bulk: Week 17 / 2022 About Us About Us Contact Us Privacy Policy Publications Dry Cargo Magazine Dry Cargo Handling Directory Advertising Magazine Advertising Online Banner Advertising Newsletter Banner Advertising Online Lead-Generating Content Media kit DCi Media Pack Editorial Programme Advertising Rates News Latest News Dry Bulk Trade & Commodities Shipping & Transport Ports & Terminals Engineering & Equipment Breakbulk Regional Focus Events Subscribe Dry Bulk: Week 17 / 2022 03 May 2022 Dry Bulk | Trade & Commodities | Shipping & Transport Capesize The Capesize market had a positive week overall with the BCI and 5TC route average at 2003 points and $16,609, closing at 2,136 and $17,713.",https://www.drycargomag.com/dry-bulk-week-17-2022
2022-05-09,24002.0,"VALUES=[24002.0, 6262.0] | Dry Bulk: Week 18 / 2022 About Us About Us Contact Us Privacy Policy Publications Dry Cargo Magazine Dry Cargo Handling Directory Advertising Magazine Advertising Online Banner Advertising Newsletter Banner Advertising Online Lead-Generating Content Media kit DCi Media Pack Editorial Programme Advertising Rates News Latest News Dry Bulk Trade & Commodities Shipping & Transport Ports & Terminals Engineering & Equipment Breakbulk Regional Focus Events Subscribe Dry Bulk: Week 18 / 2022 09 May 2022 Dry Bulk | Trade & Commodities | Shipping & Transport Capesize The Capesize market has made the most of the short working week as rates have lifted strongly, with the 5TC now residing at $24,002 - up $6262 week on week.",https://www.drycargomag.com/dry-bulk-week-18-2022
2022-05-16,32733.0,"VALUES=[32733.0] | The 5TC ended the week at $32,733, a rise of 8731 week on week.",https://www.drycargomag.com/dry-bulk-week-19-2022
2022-06-13,4609.0,"VALUES=[19665.0] | The softening of values was felt across all Capesize 5TC routes as the index lowered throughout the week by -4609 to $19,665.",https://www.drycargomag.com/dry-bulk-week-23-2022
2022-06-27,4901.0,"VALUES=[19875.0] | Dry Bulk: Week 25 / 2022 About Us About Us Contact Us Privacy Policy Publications Dry Cargo Magazine Dry Cargo Handling Directory Advertising Magazine Advertising Online Banner Advertising Newsletter Banner Advertising Online Lead-Generating Content Media kit DCi Media Pack Editorial Programme Advertising Rates News Latest News Dry Bulk Trade & Commodities Shipping & Transport Ports & Terminals Engineering & Equipment Breakbulk Regional Focus Events Subscribe Dry Bulk: Week 25 / 2022 27 June 2022 Dry Bulk | Trade & Commodities | Shipping & Transport Capesize The Capesize market was unable to carry the rally from last week as rates were seen to dip sharply this week with the 5TC down 4901 to $19,875.",https://www.drycargomag.com/dry-bulk-week-25-2022
2023-02-20,4432.0,"VALUES=[4432.0, 2246.0] | Dry Bulk Shipping Report About Us About Us Contact Us Privacy Policy Publications Dry Cargo Magazine Dry Cargo Handling Directory Advertising Magazine Advertising Online Banner Advertising Newsletter Banner Advertising Online Lead-Generating Content Media kit DCi Media Pack Editorial Programme Advertising Rates News Latest News Dry Bulk Trade & Commodities Shipping & Transport Ports & Terminals Engineering & Equipment Breakbulk Regional Focus Events Subscribe Dry Bulk Shipping Report 20 February 2023 Dry Bulk | Trade & Commodities | Shipping & Transport Capesize There was an overriding negative sentiment in the sector this week as the Cape 5TC average fell from $4,432 to $2,246 on Friday.",https://www.drycargomag.com/dry-bulk-shipping-report-0723
2023-02-27,2246.0,"VALUES=[2246.0, 5271.0] | Last Friday the 5TC was at $2,246 and as we close the week it stands at $5,271.",https://www.drycargomag.com/dry-bulk-shipping-report-0823
2023-03-13,4000.0,"VALUES=[4000.0, 14466.0] | Subsequently, the time charter average for the 5TC rose over $4,000 compared with last Friday and finished proceedings at $14,466.",https://www.drycargomag.com/dry-bulk-shipping-report-1023
2023-04-03,13806.0,"VALUES=[13806.0] | Dry Bulk Shipping Report About Us About Us Contact Us Privacy Policy Publications Dry Cargo Magazine Dry Cargo Handling Directory Advertising Magazine Advertising Online Banner Advertising Newsletter Banner Advertising Online Lead-Generating Content Media kit DCi Media Pack Editorial Programme Advertising Rates News Latest News Dry Bulk Trade & Commodities Shipping & Transport Ports & Terminals Engineering & Equipment Breakbulk Regional Focus Events Subscribe Dry Bulk Shipping Report 03 April 2023 Dry Bulk | Trade & Commodities | Shipping & Transport Capesize The first quarter of 2023 ended with a decline of $95 on the Capesize time charter average (5TC), pricing at $13,806 on the last day in March.
VALUES=[] | On the period front this week, the Cape Cynthia (180,330 2012) was reportedly fixed basis delivery Korea 20-30 April for one year to Costamare at 108% of the 5TC.
VALUES=[] | Overall, the 5TC maintained the same level as at the start of the year.",https://www.drycargomag.com/dry-bulk-shipping-report-1323
2023-04-17,15849.0,"VALUES=[15849.0, 15344.0] | All in all, a mixed bag with the 5TC’s starting the week after the Easter weekend at $15,849 and ending the week at $15,344.",https://www.drycargomag.com/dry-bulk-shipping-report-1523
2023-06-26,12375.0,"VALUES=[12375.0, 17252.0] | The BCI 5TC, which opened on Monday at $12,375, has experienced a significant rise and currently stands at $17,252.",https://www.drycargomag.com/dry-bulk-shipping-report-2523
2023-10-09,5801.0,"VALUES=[5801.0, 27455.0] | By the end of the week, the Pacific market rebounded, remaining robust and supported, while the Atlantic market, particularly in the North Atlantic, saw significantly firmer fixtures, concluding the week on an optimistic note, as illustrated by the BCI 5TC index, which rose this week by $5,801 to reach $27,455 as the week draws to a close.",https://www.drycargomag.com/dry-bulk-shipping-report-4023
2024-01-15,29851.0,"VALUES=[29851.0, 18015.0] | The BCI 5TC commenced the week at $29,851 but experienced notable losses, concluding the week at $18,015 by Friday's close.",https://www.drycargomag.com/shipping-market-remains-subdued
2024-10-14,23509.0,"VALUES=[23509.0, 26213.0] | The BCI 5TC fell every day besides Friday, which closed at $23,509, a significant drop from Monday’s $26,213.",https://www.drycargomag.com/soft-week-for-dry-bulk-sector-market
2025-03-17,23697.0,"VALUES=[23697.0, 20544.0] | The BCI 5TC experienced a steady rise throughout the week, before a slight correction saw it close at $23,697, up from $20,544 at the week's start.",https://www.drycargomag.com/a-positive-week-for-the-dry-bulk-sector
2025-06-23,7000.0,"VALUES=[7000.0, 23879.0] | Overall, the week marked a reversal of recent gains, with the BCI 5TC shedding over $7,000 to settle at $23,879 by Friday.",https://www.drycargomag.com/a-subdued-week-for-dry-bulk-shipping-market
2025-11-24,27000.0,"VALUES=[27000.0, 30000.0] | The BCI 5TC climbed steadily from the high $27,000s to just over $30,000, reinforcing a firming tone despite Thursday’s slowdown.",https://www.drycargomag.com/baltic-exchange-dry-bulk-weekly-report
2026-01-12,27652.0,"VALUES=[27652.0, 23947.0] | The BCI 182 5TC fell sharply from $27,652 to $23,947, reflecting mounting pressure from lengthening tonnage lists and overall weaker sentiment.",https://www.drycargomag.com/baltic-exchange-dry-bulk-weekly-report-226
2026-01-19,13120.0,,https://www.drycargomag.com/baltic-exchange-dry-bulk-weekly-report-326
2026-01-26,13688.0,,https://www.drycargomag.com/baltic-exchange-dry-bulk-weekly-report-0426
2026-02-23,16543.0,,https://www.drycargomag.com/baltic-exchange-dry-bulk-weekly-report-826
2026-03-02,17481.0,,https://www.drycargomag.com/baltic-exchange-dry-bulk-weekly-report-926
2026-03-10,17656.0,,https://www.drycargomag.com/baltic-exchange-dry-bulk-weekly-report-1026
2026-03-16,16546.0,,https://www.drycargomag.com/baltic-exchange-dry-bulk-weekly-report-1126
2026-03-23,17132.0,,https://www.drycargomag.com/baltic-exchange-dry-bulk-weekly-report-1226
2026-03-30,15800.0,,https://www.drycargomag.com/baltic-exchange-dry-bulk-weekly-report-1326
2026-04-20,6000.0,"VALUES=[6000.0] | The BCI 182 5TC gained over $6,000 across the week, underpinned by improving sentiment and tightening fundamentals.",https://www.drycargomag.com/baltic-exchange-dry-bulk-weekly-report-1626
2026-04-27,39000.0,"VALUES=[39000.0] | Baltic Exchange: Dry Bulk Weekly Report About Us About Us Contact Us Privacy Policy Publications Dry Cargo Magazine Dry Cargo Handling Directory Advertising Magazine Advertising Online Banner Advertising Newsletter Banner Advertising Online Lead-Generating Content Media kit DCi Media Pack Editorial Programme Advertising Rates News Latest News Dry Bulk Trade & Commodities Shipping & Transport Ports & Terminals Engineering & Equipment Breakbulk Regional Focus Events Subscribe Baltic Exchange: Dry Bulk Weekly Report 27 April 2026 Dry Bulk | Trade & Commodities | Shipping & Transport Capesize The market began the week with strong upward momentum, briefly pushing the BCI 182 5TC to the cusp of $39,000, supported primarily by strength in the Atlantic basin.",https://www.drycargomag.com/baltic-exchange-dry-bulk-weekly-report-1726
2026-05-11,42649.0,"VALUES=[42649.0, 44941.0, 46610.0] | Overall, the BCI 182 5TC rose from $42,649 on Tuesday to finish the week at $44,941, after peaking at $46,610 on Thursday.",https://www.drycargomag.com/baltic-exchange-dry-bulk-weekly-report-1926
2026-06-01,50000.0,"VALUES=[50000.0] | Despite a fragmented trading environment caused by public holidays in both the UK and Singapore, the market demonstrated resilience, with the BCI 182 5TC climbing above the $50,000 mark by Thursday.",https://www.drycargomag.com/baltic-exchange-dry-bulk-weekly-report-2226
2026-06-08,50000.0,"VALUES=[50000.0, 44374.0] | Baltic Exchange: Dry Bulk Weekly Report About Us About Us Contact Us Privacy Policy Publications Dry Cargo Magazine Dry Cargo Handling Directory Advertising Magazine Advertising Online Banner Advertising Newsletter Banner Advertising Online Lead-Generating Content Media kit DCi Media Pack Editorial Programme Advertising Rates News Latest News Dry Bulk Trade & Commodities Shipping & Transport Ports & Terminals Engineering & Equipment Breakbulk Regional Focus Events Subscribe Baltic Exchange: Dry Bulk Weekly Report 08 June 2026 Dry Bulk Capesize The market closed the week on a softer footing, with the BCI 182 5TC easing from just under $50,000 at the start of the week to $44,374, reflecting a clear loss of momentum as the week progressed.",https://www.drycargomag.com/baltic-exchange-dry-bulk-weekly-report-2326
2026-06-15,42798.0,"VALUES=[42798.0, 37251.0] | The BCI 182 5TC fell from $42,798 at the start of the week to $37,251 by the close, representing a significant erosion of earnings and underscoring the loss of momentum from the stronger levels seen in late May.",https://www.drycargomag.com/baltic-exchange-dry-bulk-weekly-report-2426
2026-06-22,37631.0,"VALUES=[37631.0, 36756.0] | Having come under pressure through the early part of the week, the market reversed course, with the BCI 182 5TC climbing sharply to close at $37,631, up from $36,756 at the start of the week.",https://www.drycargomag.com/baltic-exchange-dry-bulk-weekly-report-2526
2026-06-29,36946.0,"VALUES=[36946.0, 33014.0] | Overall, the BCI 182 5TC declined from $36,946 to $33,014, leaving the market firmly on the defensive by week’s end.",https://www.drycargomag.com/baltic-exchange-dry-bulk-weekly-report-2626
2026-07-06,5000.0,"VALUES=[5000.0, 37181.0] | The BCI 182 5TC gained just over $5,000 across the week to close at $37,181.",https://www.drycargomag.com/baltic-exchange-dry-bulk-weekly-report-2726
2026-07-13,21153.0,"VALUES=[21153.0] | Ultramax/Supramax Overall, the market generally maintained last week’s levels, with pockets of improvement in certain areas, but overall movement on rates was minimal and the 5TC average was only slightly higher than last Friday’s close of $21,153.",https://www.drycargomag.com/baltic-exchange-dry-bulk-weekly-report-2826
2026-07-20,43086.0,"VALUES=[42641.0, 43086.0, 5000.0, 37156.0] | Having started the week at $42,641, the BCI 182 5TC peaked at $43,086 before sliding around $5,000 to finish at $37,156, illustrating a market that ended the week firmly on the defensive.",https://www.drycargomag.com/baltic-exchange-dry-bulk-weekly-report-2926
2026-07-27,31768.0,"VALUES=[31768.0, 38860.0] | However, sentiment improved steadily as fresh cargoes emerged and buying interest returned, lifting the BCI 5TC from its early-week low of $31,768 to finish the week at $38,860.",https://www.drycargomag.com/baltic-exchange-dry-bulk-weekly-report-3026
2026-08-03,21000.0,,https://www.drycargomag.com/baltic-exchange-dry-bulk-weekly-report-3126
2026-08-10,41395.0,"VALUES=[41395.0, 46512.0] | Strength in both the Pacific and Atlantic basins underpinned the rally, driving the BCI 5TC from $41,395 at the start of the week to $46,512 by Friday's close.",https://www.drycargomag.com/baltic-exchange-dry-bulk-weekly-report-3226
2026-08-17,46300.0,"VALUES=[46300.0, 41155.0] | Baltic Exchange: Dry Bulk Weekly Report About Us About Us Contact Us Privacy Policy Publications Dry Cargo Magazine Dry Cargo Handling Directory Advertising Magazine Advertising Online Banner Advertising Newsletter Banner Advertising Online Lead-Generating Content Media kit DCi Media Pack Editorial Programme Advertising Rates News Latest News Dry Bulk Trade & Commodities Shipping & Transport Ports & Terminals Engineering & Equipment Breakbulk Regional Focus Events Subscribe Baltic Exchange: Dry Bulk Weekly Report 17 August 2026 Dry Bulk Capesize The market came under sustained pressure this week, with the BCI 5TC falling from $46,300 to $41,155 as softer Pacific conditions outweighed pockets of resilience in the Atlantic.",https://www.drycargomag.com/baltic-exchange-dry-bulk-weekly-report-3326
2026-08-24,81000.0,,https://www.drycargomag.com/baltic-exchange-dry-bulk-weekly-report-3426
