report_date,original_value,strict_5tc,status,pattern,source_sentence,source
2019-04-08,3460.0,4881.0,ACCEPT,"\bending\b.{0,60}?(?:at|on)\s+\$([0-9][0-9,]*(?:\.[0-9]+)?)","lk Week 14: The Baltic Briefing About Us About Us Contact Us Privacy Policy Publications Dry Cargo Magazine Dry Cargo Handling Directory Advertising Magazine Advertising Online Banner Advertising Newsletter Banner Advertising Online Lead-Generating Content Media kit DCi Media Pack Editorial Programme Advertising Rates News Latest News Dry Bulk Trade & Commodities Shipping & Transport Ports & Terminals Engineering & Equipment Breakbulk Regional Focus Events Subscribe Dry Bulk Week 14: The Baltic Briefing 08 April 2019 Dry Bulk | Trade & Commodities | Shipping & Transport Bulk report – Week 14 Capesize The Capesize market over the past week looked to have found a floor on Tuesday with the BCI 5TC at $3460 before firming into the rest of the week, ending at $4881.",https://www.drycargomag.com/dry-bulk-week-14-the-baltic-briefing
2019-04-15,5099.0,5737.0,ACCEPT,"\bfinished?\b.{0,60}?(?:at|on)\s+\$([0-9][0-9,]*(?:\.[0-9]+)?)","The Baltic Capesize Index (BCI) 5TC opened on Monday at $5,099, although by Friday’s close most gains were lost, and it finished up at $5,737, a modest gain of $638.",https://www.drycargomag.com/dry-bulk-week-15-the-baltic-briefing
2019-05-13,11182.0,11621.0,ACCEPT,"\bto\s+\$([0-9][0-9,]*(?:\.[0-9]+)?).{0,50}?\bby\s+Friday\b","The BCI 5TC reduced from $11,182 at the end of the previous week to a low of $9,898 on Tuesday, but rebounded to $11,621 by Friday.",https://www.drycargomag.com/dry-bulk-week-19-the-baltic-briefing
2019-05-20,11621.0,,REVIEW,,,https://www.drycargomag.com/dry-bulk-week-20-the-baltic-briefing
2019-05-27,12243.0,12243.0,ACCEPT,"\bclosed?\b.{0,60}?(?:at|on)\s+\$([0-9][0-9,]*(?:\.[0-9]+)?)","The Capesize 5TC closed on Friday at $12,243, a gain of $334 from the previous week.",https://www.drycargomag.com/dry-bulk-market-capesize-market-in-full-swing
2019-06-10,12987.0,15007.0,ACCEPT,"\bclosed\s+out\s+Friday\b.{0,60}?\$([0-9][0-9,]*(?:\.[0-9]+)?)","The Cape 5TC opened the week at $12,987 and closed out Friday at $15,007.",https://www.drycargomag.com/dry-bulk-week-23-the-baltic-briefing
2019-06-17,15007.0,14203.0,ACCEPT,"\bclose(?:d)?\s+Friday\b.{0,60}?\$([0-9][0-9,]*(?:\.[0-9]+)?)","The 5TC average closed Friday at $14,203.",https://www.drycargomag.com/dry-bulk-week-24-the-baltic-briefing
2019-06-24,14203.0,17947.0,ACCEPT,"\bclose(?:d)?\s+Friday\b.{0,60}?\$([0-9][0-9,]*(?:\.[0-9]+)?)","The C5TC market opened Monday at $14,203 and closed Friday at $17,947.",https://www.drycargomag.com/dry-bulk-week-25-the-baltic-briefing
2019-07-01,17947.0,19360.0,ACCEPT,explicit_to_close_settle_finish,"The C5TC opened the week at $17,947 to close Friday at $19,360.",https://www.drycargomag.com/dry-bulk-week-26-the-baltic-briefing
2019-07-15,27389.0,,REVIEW,,,https://www.drycargomag.com/dry-bulk-week-28-the-baltic-briefing
2019-07-22,26705.0,32765.0,ACCEPT,explicit_to_close_settle_finish,"The Capesize 5TC opened the week at $26,705 to close Friday at $32,765, an increase of more than 22%.",https://www.drycargomag.com/dry-bulk-week-29-the-baltic-briefing
2019-07-29,32765.0,27145.0,ACCEPT,"\bclosed?\b.{0,60}?(?:at|on)\s+\$([0-9][0-9,]*(?:\.[0-9]+)?)","The 5TC opened the week at $32,765 and closed on Friday at $27,145.",https://www.drycargomag.com/dry-bulk-week-30-the-baltic-briefing
2019-08-05,25749.0,,REVIEW,,,https://www.drycargomag.com/dry-bulk-week-31-the-baltic-briefing
2019-08-12,24022.0,,REVIEW,,,https://www.drycargomag.com/dry-bulk-week-32-the-baltic-briefing
2019-08-19,24022.0,29624.0,ACCEPT,explicit_to_close_settle_finish,"The Capesize 5TC opened the week at $24,022 to close at $29,624.",https://www.drycargomag.com/dry-bulk-week-33-the-baltic-briefing
2019-08-27,29624.0,,REVIEW,,,https://www.drycargomag.com/dry-bulk-week-34-the-baltic-briefing
2019-09-02,34583.0,,REVIEW,,,https://www.drycargomag.com/dry-bulk-week-35-the-baltic-briefing
2019-09-09,38014.0,37921.0,ACCEPT,explicit_to_close_settle_finish,"Fridays 5TC closed down $732 to settle at $37,921.",https://www.drycargomag.com/dry-bulk-week-36-the-baltic-briefing
2019-09-23,33996.0,31470.0,ACCEPT,explicit_to_close_settle_finish,"The 5TC opened the week at $33,996 to close at $31,470.",https://www.drycargomag.com/dry-bulk-week-38-the-baltic-briefing
2019-10-07,24916.0,23675.0,ACCEPT,explicit_to_close_settle_finish,"The Capesize 5TC opened the week at $24,916, reached a low of $23,425 Thursday, before closing up Friday +$250 to settle at $23,675.",https://www.drycargomag.com/dry-bulk-week-40-the-baltic-briefing
2019-10-21,26382.0,,REVIEW,,,https://www.drycargomag.com/dry-bulk-week-42-the-baltic-briefing
2019-11-11,24637.0,,REVIEW,,,https://www.drycargomag.com/dry-bulk-week-45-the-baltic-briefing
2019-11-25,20970.0,18930.0,ACCEPT,explicit_to_close_settle_finish,"The 5TC average opened the week at $20,970 and closed out Friday up $580 to settle at $18,930, illustrating clearly the deteriorating condition of the market.",https://www.drycargomag.com/dry-bulk-week-47-the-baltic-briefing
2019-12-02,23865.0,,REVIEW,,,https://www.drycargomag.com/dry-bulk-week-48-the-baltic-brefing
2019-12-09,25202.0,23704.0,ACCEPT,explicit_to_close_settle_finish,"The Capesize 5TC closed the week down -$525 to settle at $23,704.",https://www.drycargomag.com/dry-bulk-week-49-the-baltic-briefing
2019-12-16,5702.0,18002.0,ACCEPT,explicit_to_close_settle_finish,"While downward momentum may have slowed a touch by Friday, the Capesize 5TC took a trouncing, losing $5,702 to settle at an almost six-month low of $18,002.",https://www.drycargomag.com/dry-bulk-week-50-the-baltic-briefing
2019-12-23,14451.0,14451.0,ACCEPT,"\bsettle(?:d)?\s+(?:on|at)\s+\$([0-9][0-9,]*(?:\.[0-9]+)?)","The C5TC settled at $14,451 on Friday, with two days left to price for the year.",https://www.drycargomag.com/dry-bulk-week-51-the-baltic-briefing
2020-01-06,10825.0,,REVIEW,,,https://www.drycargomag.com/dry-bulk-week-1
2020-01-13,9020.0,9438.0,ACCEPT,explicit_to_close_settle_finish,"Opening the week at $10,825, the Capesize 5TC fell away to $9,020, before staging a small rally to close Friday at $9,438.",https://www.drycargomag.com/dry-bulk-week-2
2020-01-20,9438.0,,REVIEW,,,https://www.drycargomag.com/dry-bulk-week-3
2020-01-27,8352.0,,REVIEW,,,https://www.drycargomag.com/dry-bulk-week-4
2020-02-17,2660.0,2445.0,ACCEPT,explicit_to_close_settle_finish,"The Capesize 5TC opened the week at $2,660 to close out at $2,445.",https://www.drycargomag.com/dry-bulk-week-7
2020-02-24,2445.0,,REVIEW_MULTI,explicit_to_close_settle_finish | explicit_to_close_settle_finish,"The Capesize 5TC opened the week at $2,445 to close out the week at $2,787. || The 5TC average duly climbed $1,170 to close at $7,087, an almost 20 per cent gain for the week.",https://www.drycargomag.com/dry-bulk-week-8
2020-03-02,2274.0,,REVIEW,,,https://www.drycargomag.com/dry-bulk-week-9
2020-03-09,2542.0,2542.0,ACCEPT,"\bclosed?\b.{0,60}?(?:at|on)\s+\$([0-9][0-9,]*(?:\.[0-9]+)?)","The Capesize 5TC market closed out the week at $2,542.",https://www.drycargomag.com/dry-bulk-week-10
2020-03-16,2542.0,2797.0,ACCEPT,explicit_to_close_settle_finish,"The Capesize 5TC opened the week at $2,542 to close at $2,797.",https://www.drycargomag.com/dry-bulk-week-11
2020-03-23,4067.0,4067.0,ACCEPT,explicit_to_close_settle_finish,"With the market in a constant state of flux on a seemingly endless news cycle, increasing restrictions and disruptions, the Cape 5TC managed a lift out of its recent range to settle the week at $4,067, a lift of +$1,270 for the week.",https://www.drycargomag.com/dry-bulk-week-12
2020-03-30,3675.0,3675.0,ACCEPT,"\bclosed?\b.{0,60}?(?:at|on)\s+\$([0-9][0-9,]*(?:\.[0-9]+)?)","The Cape 5TC closed out the week at $3,675, down -392.",https://www.drycargomag.com/dry-bulk-week-13
2020-04-06,5949.0,,REVIEW,,,https://www.drycargomag.com/dry-bulk-week-14
2020-04-20,6762.0,9875.0,ACCEPT,explicit_to_close_settle_finish,"The Capesize 5TC opened the shortened week at $6,762 to close out at $9,875.",https://www.drycargomag.com/dry-bulk-week-16
2020-04-27,10081.0,8381.0,ACCEPT,"\bto\s+\$([0-9][0-9,]*(?:\.[0-9]+)?).{0,50}?\bby\s+Friday\b","The Capesize 5TC peaked early in the week at $10,081, before gains were gradually eroded down to $8,381 by Friday.",https://www.drycargomag.com/dry-bulk-week-17
2020-06-08,7307.0,,REVIEW,,,https://www.drycargomag.com/dry-bulk-week-23
2020-06-15,12410.0,12410.0,ACCEPT,"\bsettling\b.{0,40}?\$([0-9][0-9,]*(?:\.[0-9]+)?)","Earnings have lifted from sub operating cost levels under two weeks ago, to now having surged up to have the Capesize 5TC settling at $12,410.",https://www.drycargomag.com/dry-bulk-week-24
2020-06-29,29641.0,,REVIEW,,,https://www.drycargomag.com/dry-bulk-week-26
2020-07-20,25085.0,,REVIEW,,,https://www.drycargomag.com/dry-bulk-week-29
2020-07-27,25085.0,,REVIEW,,,https://www.drycargomag.com/dry-bulk-week-30
2020-09-21,15248.0,15761.0,ACCEPT,explicit_to_close_settle_finish,"The Capesize 5TC opened the week at $15,248 to close at $15,761.",https://www.drycargomag.com/dry-bulk-week-38
2020-10-05,30000.0,,REVIEW,,,https://www.drycargomag.com/dry-bulk-week-40
2020-10-12,29479.0,,REVIEW,,,https://www.drycargomag.com/dry-bulk-week-41
2020-10-19,19952.0,19952.0,ACCEPT,"\bclosed?\b.{0,60}?(?:at|on)\s+\$([0-9][0-9,]*(?:\.[0-9]+)?)","Opening at $29,479, the Capesize 5TC has closed the week at $19,952, a drop of almost -30%.",https://www.drycargomag.com/dry-bulk-week-42
2020-11-02,3199.0,,REVIEW,,,https://www.drycargomag.com/dry-bulk-week-44
2020-11-09,14421.0,14421.0,ACCEPT,explicit_to_close_settle_finish,"The end of the week brought about a small uptick of +244 to settle the Capesize 5TC at $14,421, possibly placing a support level, although others would suggest it will allow for a breather before further declines.",https://www.drycargomag.com/dry-bulk-week-45
2020-11-30,12712.0,,REVIEW,,,https://www.drycargomag.com/dry-bulk-week-48
2020-12-07,12712.0,,REVIEW,,,https://www.drycargomag.com/dry-bulk-week-49
2021-01-11,2020.0,,REVIEW,,,https://www.drycargomag.com/dry-bulk-week-1-2021
2021-01-18,26489.0,,REVIEW,,,https://www.drycargomag.com/dry-bulk-week-2-2021
2021-02-01,15675.0,15675.0,ACCEPT,"\bsettle(?:d)?\s+(?:on|at)\s+\$([0-9][0-9,]*(?:\.[0-9]+)?)","Dropping -8,956 over the course of the week the Capesize 5TC settled at $15,675.",https://www.drycargomag.com/dry-bulk-week-4-2021
2021-02-15,10304.0,10304.0,ACCEPT,explicit_to_close_settle_finish,"The Capesize 5TC registered a token drop of eight to settle at $10,304 as minimal trading was heard.",https://www.drycargomag.com/dry-bulk-week-6-2021
2021-02-22,15856.0,14224.0,ACCEPT,explicit_to_close_settle_finish,"From last Friday at $10,304, the Capesize 5TC reached a high on Wednesday of $15,856 before retreating to close the week out at $14,224.",https://www.drycargomag.com/dry-bulk-week-7-2021
2021-03-01,14224.0,11934.0,ACCEPT,explicit_to_close_settle_finish,"Dry Bulk: Week 8 About Us About Us Contact Us Privacy Policy Publications Dry Cargo Magazine Dry Cargo Handling Directory Advertising Magazine Advertising Online Banner Advertising Newsletter Banner Advertising Online Lead-Generating Content Media kit DCi Media Pack Editorial Programme Advertising Rates News Latest News Dry Bulk Trade & Commodities Shipping & Transport Ports & Terminals Engineering & Equipment Breakbulk Regional Focus Events Subscribe Dry Bulk: Week 8 01 March 2021 Dry Bulk | Trade & Commodities | Shipping & Transport Capesize The market took on a mild downward slide during this week with the 5TC opening at $14,224 to close out at $11,934.",https://www.drycargomag.com/dry-bulk-week-8-2021
2021-03-08,14794.0,14794.0,ACCEPT,"\bsettle(?:d)?\s+(?:on|at)\s+\$([0-9][0-9,]*(?:\.[0-9]+)?)","Gaining $920 on the last trading day of the week the Capesize 5TC settled at $14,794, which reflected the solid trading activity.",https://www.drycargomag.com/dry-bulk-week-9-2021
2021-03-15,14794.0,,REVIEW,,,https://www.drycargomag.com/dry-bulk-week-10-2021
2021-03-22,2696.0,19437.0,ACCEPT,explicit_to_close_settle_finish,"Dry Bulk: Week 11 About Us About Us Contact Us Privacy Policy Publications Dry Cargo Magazine Dry Cargo Handling Directory Advertising Magazine Advertising Online Banner Advertising Newsletter Banner Advertising Online Lead-Generating Content Media kit DCi Media Pack Editorial Programme Advertising Rates News Latest News Dry Bulk Trade & Commodities Shipping & Transport Ports & Terminals Engineering & Equipment Breakbulk Regional Focus Events Subscribe Dry Bulk: Week 11 22 March 2021 Dry Bulk | Trade & Commodities | Shipping & Transport Capesize A steady build for the Capesize market saw the 5TC lift $2,696 to settle the week at $19,437.",https://www.drycargomag.com/dry-bulk-week-11-2021
2021-03-29,19437.0,19014.0,ACCEPT,"\bclosed?\b.{0,60}?(?:at|on)\s+\$([0-9][0-9,]*(?:\.[0-9]+)?)","The 5TC opened the week at $19,437 to close out the week down $423 at $19,014.",https://www.drycargomag.com/dry-bulk-week-12-2021
2021-04-12,4058.0,,REVIEW,,,https://www.drycargomag.com/dry-bulk-week-14-2021
2021-04-19,23911.0,,REVIEW,,,https://www.drycargomag.com/dry-bulk-week-15
2021-04-26,6242.0,34762.0,ACCEPT,explicit_to_close_settle_finish,"The 5TC rose $6,242 to settle at the end of the week at $34,762.",https://www.drycargomag.com/dry-bulk-week-16-2021
2021-05-04,40608.0,,REVIEW,,,https://www.drycargomag.com/dry-bulk-week-17-2021
2021-05-10,40608.0,,REVIEW,,,https://www.drycargomag.com/dry-bulk-week-18-2021
2021-05-17,6972.0,34542.0,ACCEPT,explicit_to_close_settle_finish,"Dry Bulk: Week 19 About Us About Us Contact Us Privacy Policy Publications Dry Cargo Magazine Dry Cargo Handling Directory Advertising Magazine Advertising Online Banner Advertising Newsletter Banner Advertising Online Lead-Generating Content Media kit DCi Media Pack Editorial Programme Advertising Rates News Latest News Dry Bulk Trade & Commodities Shipping & Transport Ports & Terminals Engineering & Equipment Breakbulk Regional Focus Events Subscribe Dry Bulk: Week 19 17 May 2021 Dry Bulk | Trade & Commodities | Shipping & Transport Capesize As the week progressed it became clear that the Capesize market wasn’t having a small retracement but was in for a more significant downturn as the 5TC dropped $6,972 week-on-week to settle at $34,542.",https://www.drycargomag.com/dry-bulk-week-19
2021-06-07,4681.0,20933.0,ACCEPT,explicit_to_close_settle_finish,"Dry Bulk: Week 22 About Us About Us Contact Us Privacy Policy Publications Dry Cargo Magazine Dry Cargo Handling Directory Advertising Magazine Advertising Online Banner Advertising Newsletter Banner Advertising Online Lead-Generating Content Media kit DCi Media Pack Editorial Programme Advertising Rates News Latest News Dry Bulk Trade & Commodities Shipping & Transport Ports & Terminals Engineering & Equipment Breakbulk Regional Focus Events Subscribe Dry Bulk: Week 22 07 June 2021 Dry Bulk | Trade & Commodities | Shipping & Transport Capesize The Capesize market found little to support levels this week as a steady slide in rates saw the 5TC drop $4,681 over the week to settle at $20,933.",https://www.drycargomag.com/dry-bulk-week-22-2021
2021-06-14,20933.0,27752.0,ACCEPT,explicit_to_close_settle_finish,"The Capesize 5TC opened the week with a relatively paltry $20,933, took some moderate losses early in the week to $19,845 before rebounding strongly to close out the week at $27,752.",https://www.drycargomag.com/dry-bulk-week-23-2021
2021-07-05,34299.0,,REVIEW,,,https://www.drycargomag.com/dry-bulk-week-26-2021
2021-07-19,2430.0,28572.0,ACCEPT,explicit_to_close_settle_finish,"Dry Bulk: Week 28 About Us About Us Contact Us Privacy Policy Publications Dry Cargo Magazine Dry Cargo Handling Directory Advertising Magazine Advertising Online Banner Advertising Newsletter Banner Advertising Online Lead-Generating Content Media kit DCi Media Pack Editorial Programme Advertising Rates News Latest News Dry Bulk Trade & Commodities Shipping & Transport Ports & Terminals Engineering & Equipment Breakbulk Regional Focus Events Subscribe Dry Bulk: Week 28 19 July 2021 Dry Bulk | Trade & Commodities | Shipping & Transport Capesize The Capesize market endured a week of eroding value across all regions as the 5TC lowered $2,430 week on week to settle at $28,572.",https://www.drycargomag.com/dry-bulk-week-28-2021
2021-07-26,32469.0,4000.0,ACCEPT,explicit_to_close_settle_finish,"Dry Bulk: Week 29 About Us About Us Contact Us Privacy Policy Publications Dry Cargo Magazine Dry Cargo Handling Directory Advertising Magazine Advertising Online Banner Advertising Newsletter Banner Advertising Online Lead-Generating Content Media kit DCi Media Pack Editorial Programme Advertising Rates News Latest News Dry Bulk Trade & Commodities Shipping & Transport Ports & Terminals Engineering & Equipment Breakbulk Regional Focus Events Subscribe Dry Bulk: Week 29 26 July 2021 Dry Bulk | Trade & Commodities | Shipping & Transport Capesize The market drifted sideways lacking a strong directional lead most of the week, with gains towards the end the 5TC average settling at $32,469 to close the week, up almost $4,000.",https://www.drycargomag.com/dry-bulk-week-29-2021
2021-08-02,3244.0,35713.0,ACCEPT,explicit_to_close_settle_finish,"Dry Bulk: Week 30 About Us About Us Contact Us Privacy Policy Publications Dry Cargo Magazine Dry Cargo Handling Directory Advertising Magazine Advertising Online Banner Advertising Newsletter Banner Advertising Online Lead-Generating Content Media kit DCi Media Pack Editorial Programme Advertising Rates News Latest News Dry Bulk Trade & Commodities Shipping & Transport Ports & Terminals Engineering & Equipment Breakbulk Regional Focus Events Subscribe Dry Bulk: Week 30 02 August 2021 Dry Bulk | Trade & Commodities | Shipping & Transport Capesize The Capesize market strengthened this week as Pacific routes were affected by weather incidents pushing the 5TC up $3,244 week on week to settle at $35,713.",https://www.drycargomag.com/dry-bulk-week-30-2021
2021-08-09,36150.0,,REVIEW,,,https://www.drycargomag.com/dry-bulk-week-31-2021
2021-08-16,4766.0,,REVIEW,,,https://www.drycargomag.com/dry-bulk-week-32-2021
2021-08-31,6162.0,,REVIEW,,,https://www.drycargomag.com/dry-bulk-week-34-2021
2021-09-06,4452.0,46647.0,ACCEPT,explicit_to_close_settle_finish,"Dry Bulk: Week 35 About Us About Us Contact Us Privacy Policy Publications Dry Cargo Magazine Dry Cargo Handling Directory Advertising Magazine Advertising Online Banner Advertising Newsletter Banner Advertising Online Lead-Generating Content Media kit DCi Media Pack Editorial Programme Advertising Rates News Latest News Dry Bulk Trade & Commodities Shipping & Transport Ports & Terminals Engineering & Equipment Breakbulk Regional Focus Events Subscribe Dry Bulk: Week 35 06 September 2021 Dry Bulk | Trade & Commodities | Shipping & Transport Capesize The Capesize market crested over the past week as the 5TC retracted $4452 since last Friday to close out at $46,647.",https://www.drycargomag.com/dry-bulk-week-35-2021
2021-09-27,53240.0,61309.0,ACCEPT,"\bclosed?\b.{0,60}?(?:at|on)\s+\$([0-9][0-9,]*(?:\.[0-9]+)?)","The Capesize 5TC opened the week at $53,240 and never looked like taking a backward step as it closed out the week a staggering $8,069 up settling Friday at $61,309.",https://www.drycargomag.com/dry-bulk-week-38-2021
2021-10-11,86953.0,,REVIEW,,,https://www.drycargomag.com/dry-bulk-week-40-2021
2021-11-01,15398.0,,REVIEW,,,https://www.drycargomag.com/dry-bulk-week-43-2021
2021-11-08,8866.0,27199.0,ACCEPT,explicit_to_close_settle_finish,"Dry Bulk: Week 44 About Us About Us Contact Us Privacy Policy Publications Dry Cargo Magazine Dry Cargo Handling Directory Advertising Magazine Advertising Online Banner Advertising Newsletter Banner Advertising Online Lead-Generating Content Media kit DCi Media Pack Editorial Programme Advertising Rates News Latest News Dry Bulk Trade & Commodities Shipping & Transport Ports & Terminals Engineering & Equipment Breakbulk Regional Focus Events Subscribe Dry Bulk: Week 44 08 November 2021 Dry Bulk | Trade & Commodities | Shipping & Transport Capesize The Capesize market has endured another difficult period of sliding rates as the 5TC sustained losses week-on-week of -8866 to close out at $27,199.",https://www.drycargomag.com/dry-bulk-week-44-2021
2021-11-22,2905.0,29938.0,ACCEPT,explicit_to_close_settle_finish,"Dry Bulk: Week 46 About Us About Us Contact Us Privacy Policy Publications Dry Cargo Magazine Dry Cargo Handling Directory Advertising Magazine Advertising Online Banner Advertising Newsletter Banner Advertising Online Lead-Generating Content Media kit DCi Media Pack Editorial Programme Advertising Rates News Latest News Dry Bulk Trade & Commodities Shipping & Transport Ports & Terminals Engineering & Equipment Breakbulk Regional Focus Events Subscribe Dry Bulk: Week 46 22 November 2021 Dry Bulk | Trade & Commodities | Shipping & Transport Capesize The Capesize market closed out a generally underwhelming week with positive sentiment and an uptick in the final days with the 5TC lifting +2905 to settle at $29,938.",https://www.drycargomag.com/dry-bulk-week-46-2021
2021-12-13,1344.0,40035.0,ACCEPT,explicit_to_close_settle_finish,"Dry Bulk: Week 49 About Us About Us Contact Us Privacy Policy Publications Dry Cargo Magazine Dry Cargo Handling Directory Advertising Magazine Advertising Online Banner Advertising Newsletter Banner Advertising Online Lead-Generating Content Media kit DCi Media Pack Editorial Programme Advertising Rates News Latest News Dry Bulk Trade & Commodities Shipping & Transport Ports & Terminals Engineering & Equipment Breakbulk Regional Focus Events Subscribe Dry Bulk: Week 49 13 December 2021 Dry Bulk | Trade & Commodities | Shipping & Transport Capesize The Capesize market peaked mid-week from its recent rally as the 5TC marked down -$1344 on the last day of the week to settle at $40,035.",https://www.drycargomag.com/dry-bulk-week-49-2021
2022-01-10,2022.0,,REVIEW,,,https://www.drycargomag.com/dry-bulk-week-1-2022
2022-01-17,7760.0,12407.0,ACCEPT,explicit_to_close_settle_finish,"Dry Bulk: Week 2 About Us About Us Contact Us Privacy Policy Publications Dry Cargo Magazine Dry Cargo Handling Directory Advertising Magazine Advertising Online Banner Advertising Newsletter Banner Advertising Online Lead-Generating Content Media kit DCi Media Pack Editorial Programme Advertising Rates News Latest News Dry Bulk Trade & Commodities Shipping & Transport Ports & Terminals Engineering & Equipment Breakbulk Regional Focus Events Subscribe Dry Bulk: Week 2 17 January 2022 Dry Bulk | Trade & Commodities | Shipping & Transport Capesize The Capesize market endured a somewhat traditional post-holiday Q1 drop as the 5TC descended -7760 over the week to settle at $12,407.",https://www.drycargomag.com/dry-bulk-week-2-2022
2022-01-24,7390.0,,REVIEW,,,https://www.drycargomag.com/dry-bulk-week-3-2022
2022-01-31,7390.0,8918.0,ACCEPT,"\bsettling\b.{0,40}?\$([0-9][0-9,]*(?:\.[0-9]+)?)","The 5TC weighted average opened the week at $7,390, descended to a low of $5,826 before settling at week’s end to $8,918.",https://www.drycargomag.com/dry-bulk-week-4-2022
2022-02-07,10302.0,10302.0,ACCEPT,"\bclosed?\b.{0,60}?(?:at|on)\s+\$([0-9][0-9,]*(?:\.[0-9]+)?)","Dry Bulk: Week 5 About Us About Us Contact Us Privacy Policy Publications Dry Cargo Magazine Dry Cargo Handling Directory Advertising Magazine Advertising Online Banner Advertising Newsletter Banner Advertising Online Lead-Generating Content Media kit DCi Media Pack Editorial Programme Advertising Rates News Latest News Dry Bulk Trade & Commodities Shipping & Transport Ports & Terminals Engineering & Equipment Breakbulk Regional Focus Events Subscribe Dry Bulk: Week 5 07 February 2022 Dry Bulk | Trade & Commodities | Shipping & Transport Capesize The Capesize market traded sideways this week as the 5TC closed at $10,302, an improvement of +1384 over the week.",https://www.drycargomag.com/dry-bulk-week-5-2022
2022-02-14,5095.0,15397.0,ACCEPT,explicit_to_close_settle_finish,"Activity was clearly seen to be elevated as the Capesize 5TC rose +5095 over the week to close on a mild Friday at $15,397.",https://www.drycargomag.com/dry-bulk-report-week-6-2022
2022-02-21,1888.0,13888.0,ACCEPT,explicit_to_close_settle_finish,"Closing Friday some reprieve was found as the Capesize 5TC closed on a positive up note +1888 to settle at $13,888.",https://www.drycargomag.com/dry-bulk-week-7-2022
2022-02-28,18181.0,14026.0,ACCEPT,explicit_to_close_settle_finish,"The Capesize 5TC reached a high of $18,181 Wednesday before shedding -4155 by weeks end to close at $14,026.",https://www.drycargomag.com/dry-bulk-report-week-8-2022
2022-03-14,8635.0,22195.0,ACCEPT,explicit_to_close_settle_finish,"Dry Bulk: Week 10 / 2022 About Us About Us Contact Us Privacy Policy Publications Dry Cargo Magazine Dry Cargo Handling Directory Advertising Magazine Advertising Online Banner Advertising Newsletter Banner Advertising Online Lead-Generating Content Media kit DCi Media Pack Editorial Programme Advertising Rates News Latest News Dry Bulk Trade & Commodities Shipping & Transport Ports & Terminals Engineering & Equipment Breakbulk Regional Focus Events Subscribe Dry Bulk: Week 10 / 2022 14 March 2022 Dry Bulk | Trade & Commodities | Shipping & Transport Capesize The Capesize market appeared to get caught up in the wider market rallies this week as geopolitical tensions run high, with the 5TC lifting $8635 over the week to settle at $22,195.",https://www.drycargomag.com/dry-bulk-week-10-2022
2022-03-28,5956.0,15648.0,ACCEPT,explicit_to_close_settle_finish,"Dry Bulk: Week 12/2022 About Us About Us Contact Us Privacy Policy Publications Dry Cargo Magazine Dry Cargo Handling Directory Advertising Magazine Advertising Online Banner Advertising Newsletter Banner Advertising Online Lead-Generating Content Media kit DCi Media Pack Editorial Programme Advertising Rates News Latest News Dry Bulk Trade & Commodities Shipping & Transport Ports & Terminals Engineering & Equipment Breakbulk Regional Focus Events Subscribe Dry Bulk: Week 12/2022 28 March 2022 Dry Bulk | Trade & Commodities | Shipping & Transport Capesize The Capesize market had to contend with volatile bunker concerns once again as the 5TC lost $5956 week on week to close at $15,648.",https://www.drycargomag.com/dry-bulk-week-122022
2022-04-04,13596.0,15460.0,ACCEPT,"\bclosed?\b.{0,60}?(?:at|on)\s+\$([0-9][0-9,]*(?:\.[0-9]+)?)","However, by Friday green shoots were beginning to emerge as the 5TC saw a low of $13,596 yet closed at $15,460.",https://www.drycargomag.com/dry-bulk-week-13-2022
2022-04-25,15299.0,,REVIEW,,,https://www.drycargomag.com/dry-bulk-week-16-2022
2022-05-03,2003.0,,REVIEW,,,https://www.drycargomag.com/dry-bulk-week-17-2022
2022-05-09,24002.0,,REVIEW,,,https://www.drycargomag.com/dry-bulk-week-18-2022
2022-05-16,32733.0,,REVIEW,,,https://www.drycargomag.com/dry-bulk-week-19-2022
2022-05-23,4805.0,37538.0,ACCEPT,explicit_to_close_settle_finish,"The Capesize 5TC rose +$4,805 over the week to close at $37,538.",https://www.drycargomag.com/dry-bulk-week-20-2022
2022-06-13,4609.0,,REVIEW,,,https://www.drycargomag.com/dry-bulk-week-23-2022
2022-06-20,5111.0,24776.0,ACCEPT,explicit_to_close_settle_finish,"Amongst this turmoil the sector managed to find a floor under its recent softening as sentiment improved in the latter part of the week with the Capesize 5TC lifting $5,111 over the week to finish at $24,776.",https://www.drycargomag.com/dry-bulk-week-24-2022
2022-06-27,4901.0,,REVIEW,,,https://www.drycargomag.com/dry-bulk-week-25-2022
2022-07-18,20000.0,,REVIEW,,,https://www.drycargomag.com/dry-bulk-week-28-2022
2022-10-17,1909.0,17965.0,ACCEPT,explicit_to_close_settle_finish,"The Capesize 5TC lowered 1909 over the week to settle at $17,965.",https://www.drycargomag.com/flat-week-for-dry-bulk-shipping
2023-02-20,4432.0,,REVIEW,,,https://www.drycargomag.com/dry-bulk-shipping-report-0723
2023-02-27,2246.0,5271.0,ACCEPT,"\bclosed?\b.{0,60}?(?:at|on)\s+\$([0-9][0-9,]*(?:\.[0-9]+)?)","Last Friday the 5TC was at $2,246 and as we close the week it stands at $5,271.",https://www.drycargomag.com/dry-bulk-shipping-report-0823
2023-03-13,4000.0,14466.0,ACCEPT,"\bfinished?\b.{0,60}?(?:at|on)\s+\$([0-9][0-9,]*(?:\.[0-9]+)?)","Subsequently, the time charter average for the 5TC rose over $4,000 compared with last Friday and finished proceedings at $14,466.",https://www.drycargomag.com/dry-bulk-shipping-report-1023
2023-04-03,13806.0,,REVIEW,,,https://www.drycargomag.com/dry-bulk-shipping-report-1323
2023-04-17,15849.0,15344.0,ACCEPT,"\bending\b.{0,60}?(?:at|on)\s+\$([0-9][0-9,]*(?:\.[0-9]+)?)","All in all, a mixed bag with the 5TC’s starting the week after the Easter weekend at $15,849 and ending the week at $15,344.",https://www.drycargomag.com/dry-bulk-shipping-report-1523
2023-06-26,12375.0,,REVIEW,,,https://www.drycargomag.com/dry-bulk-shipping-report-2523
2023-10-09,5801.0,,REVIEW,,,https://www.drycargomag.com/dry-bulk-shipping-report-4023
2024-01-15,29851.0,,REVIEW,,,https://www.drycargomag.com/shipping-market-remains-subdued
2024-10-14,23509.0,23509.0,ACCEPT,"\bclosed?\b.{0,60}?(?:at|on)\s+\$([0-9][0-9,]*(?:\.[0-9]+)?)","The BCI 5TC fell every day besides Friday, which closed at $23,509, a significant drop from Monday’s $26,213.",https://www.drycargomag.com/soft-week-for-dry-bulk-sector-market
2025-03-17,23697.0,23697.0,ACCEPT,"\bclosed?\b.{0,60}?(?:at|on)\s+\$([0-9][0-9,]*(?:\.[0-9]+)?)","The BCI 5TC experienced a steady rise throughout the week, before a slight correction saw it close at $23,697, up from $20,544 at the week's start.",https://www.drycargomag.com/a-positive-week-for-the-dry-bulk-sector
2025-06-23,7000.0,23879.0,ACCEPT,explicit_to_close_settle_finish,"Overall, the week marked a reversal of recent gains, with the BCI 5TC shedding over $7,000 to settle at $23,879 by Friday.",https://www.drycargomag.com/a-subdued-week-for-dry-bulk-shipping-market
2025-11-24,27000.0,,REVIEW,,,https://www.drycargomag.com/baltic-exchange-dry-bulk-weekly-report
2026-01-12,27652.0,,REVIEW,,,https://www.drycargomag.com/baltic-exchange-dry-bulk-weekly-report-226
2026-01-19,13120.0,,REVIEW,,,https://www.drycargomag.com/baltic-exchange-dry-bulk-weekly-report-326
2026-01-26,13688.0,,REVIEW,,,https://www.drycargomag.com/baltic-exchange-dry-bulk-weekly-report-0426
2026-02-09,31000.0,26468.0,ACCEPT,explicit_to_close_settle_finish,"Dry Bulk Weekly Report About Us About Us Contact Us Privacy Policy Publications Dry Cargo Magazine Dry Cargo Handling Directory Advertising Magazine Advertising Online Banner Advertising Newsletter Banner Advertising Online Lead-Generating Content Media kit DCi Media Pack Editorial Programme Advertising Rates News Latest News Dry Bulk Trade & Commodities Shipping & Transport Ports & Terminals Engineering & Equipment Breakbulk Regional Focus Events Subscribe Baltic Exchange: Dry Bulk Weekly Report 09 February 2026 Dry Bulk | Trade & Commodities | Shipping & Transport Capesize The market endured a broadly softer week, with sentiment cooling across both the Pacific and Atlantic as the BCI 182 5TC slid from the low $31,000s to finish closer to $26,468.",https://www.drycargomag.com/baltic-exchange-dry-bulk-weekly-report-0626
2026-02-16,14829.0,,REVIEW,,,https://www.drycargomag.com/baltic-exchange-dry-bulk-weekly-report-072026
2026-02-23,16543.0,,REVIEW,,,https://www.drycargomag.com/baltic-exchange-dry-bulk-weekly-report-826
2026-03-02,17481.0,,REVIEW,,,https://www.drycargomag.com/baltic-exchange-dry-bulk-weekly-report-926
2026-03-10,17656.0,,REVIEW,,,https://www.drycargomag.com/baltic-exchange-dry-bulk-weekly-report-1026
2026-03-16,16546.0,,REVIEW,,,https://www.drycargomag.com/baltic-exchange-dry-bulk-weekly-report-1126
2026-03-23,17132.0,,REVIEW,,,https://www.drycargomag.com/baltic-exchange-dry-bulk-weekly-report-1226
2026-03-30,15800.0,,REVIEW,,,https://www.drycargomag.com/baltic-exchange-dry-bulk-weekly-report-1326
2026-04-20,6000.0,,REVIEW,,,https://www.drycargomag.com/baltic-exchange-dry-bulk-weekly-report-1626
2026-04-27,39000.0,,REVIEW,,,https://www.drycargomag.com/baltic-exchange-dry-bulk-weekly-report-1726
2026-05-11,42649.0,44941.0,ACCEPT,explicit_to_close_settle_finish,"Overall, the BCI 182 5TC rose from $42,649 on Tuesday to finish the week at $44,941, after peaking at $46,610 on Thursday.",https://www.drycargomag.com/baltic-exchange-dry-bulk-weekly-report-1926
2026-06-01,50000.0,,REVIEW,,,https://www.drycargomag.com/baltic-exchange-dry-bulk-weekly-report-2226
2026-06-08,50000.0,,REVIEW,,,https://www.drycargomag.com/baltic-exchange-dry-bulk-weekly-report-2326
2026-06-15,42798.0,,REVIEW,,,https://www.drycargomag.com/baltic-exchange-dry-bulk-weekly-report-2426
2026-06-22,37631.0,37631.0,ACCEPT,explicit_to_close_settle_finish,"Having come under pressure through the early part of the week, the market reversed course, with the BCI 182 5TC climbing sharply to close at $37,631, up from $36,756 at the start of the week.",https://www.drycargomag.com/baltic-exchange-dry-bulk-weekly-report-2526
2026-06-29,36946.0,,REVIEW,,,https://www.drycargomag.com/baltic-exchange-dry-bulk-weekly-report-2626
2026-07-06,5000.0,37181.0,ACCEPT,explicit_to_close_settle_finish,"The BCI 182 5TC gained just over $5,000 across the week to close at $37,181.",https://www.drycargomag.com/baltic-exchange-dry-bulk-weekly-report-2726
2026-07-13,21153.0,,REVIEW,,,https://www.drycargomag.com/baltic-exchange-dry-bulk-weekly-report-2826
2026-07-20,43086.0,37156.0,ACCEPT,explicit_to_close_settle_finish,"Having started the week at $42,641, the BCI 182 5TC peaked at $43,086 before sliding around $5,000 to finish at $37,156, illustrating a market that ended the week firmly on the defensive.",https://www.drycargomag.com/baltic-exchange-dry-bulk-weekly-report-2926
2026-07-27,31768.0,38860.0,ACCEPT,explicit_to_close_settle_finish,"However, sentiment improved steadily as fresh cargoes emerged and buying interest returned, lifting the BCI 5TC from its early-week low of $31,768 to finish the week at $38,860.",https://www.drycargomag.com/baltic-exchange-dry-bulk-weekly-report-3026
2026-08-03,21000.0,,REVIEW,,,https://www.drycargomag.com/baltic-exchange-dry-bulk-weekly-report-3126
2026-08-10,41395.0,46512.0,ACCEPT,"\bto\s+\$([0-9][0-9,]*(?:\.[0-9]+)?).{0,50}?\bby\s+Friday\b","Strength in both the Pacific and Atlantic basins underpinned the rally, driving the BCI 5TC from $41,395 at the start of the week to $46,512 by Friday's close.",https://www.drycargomag.com/baltic-exchange-dry-bulk-weekly-report-3226
2026-08-17,46300.0,,REVIEW,,,https://www.drycargomag.com/baltic-exchange-dry-bulk-weekly-report-3326
2026-08-24,81000.0,,REVIEW,,,https://www.drycargomag.com/baltic-exchange-dry-bulk-weekly-report-3426
