report_date,capesize_5tc_usd_per_day,source,source_sentence
2019-04-15,5737.0,https://www.drycargomag.com/dry-bulk-week-15-the-baltic-briefing,"The Baltic Capesize Index (BCI) 5TC opened on Monday at $5,099, although by Friday’s close most gains were lost, and it finished up at $5,737, a modest gain of $638."
2019-05-27,12243.0,https://www.drycargomag.com/dry-bulk-market-capesize-market-in-full-swing,"The Capesize 5TC closed on Friday at $12,243, a gain of $334 from the previous week."
2019-06-10,15007.0,https://www.drycargomag.com/dry-bulk-week-23-the-baltic-briefing,"The Cape 5TC opened the week at $12,987 and closed out Friday at $15,007."
2019-07-22,32765.0,https://www.drycargomag.com/dry-bulk-week-29-the-baltic-briefing,"The Capesize 5TC opened the week at $26,705 to close Friday at $32,765, an increase of more than 22%."
2019-08-19,29624.0,https://www.drycargomag.com/dry-bulk-week-33-the-baltic-briefing,"The Capesize 5TC opened the week at $24,022 to close at $29,624."
2019-08-27,30437.0,https://www.drycargomag.com/dry-bulk-week-34-the-baltic-briefing,"The Capesize 5TC routes opened the week at $29,624, dropped down to $28,431, before closing the week out at $30,437."
2019-09-02,34583.0,https://www.drycargomag.com/dry-bulk-week-35-the-baltic-briefing,"Dry Bulk Week 35: The Baltic Briefing About Us About Us Contact Us Privacy Policy Publications Dry Cargo Magazine Dry Cargo Handling Directory Advertising Magazine Advertising Online Banner Advertising Newsletter Banner Advertising Online Lead-Generating Content Media kit DCi Media Pack Editorial Programme Advertising Rates News Latest News Dry Bulk Trade & Commodities Shipping & Transport Ports & Terminals Engineering & Equipment Breakbulk Regional Focus Events Subscribe Dry Bulk Week 35: The Baltic Briefing 02 September 2019 Dry Bulk | Trade & Commodities | Shipping & Transport Bulk report – Week 35 Capesize The market continued to firm all week, with the 5TC closing on Friday at $34,583, up $4,146 for the week."
2019-10-07,23675.0,https://www.drycargomag.com/dry-bulk-week-40-the-baltic-briefing,"The Capesize 5TC opened the week at $24,916, reached a low of $23,425 Thursday, before closing up Friday +$250 to settle at $23,675."
2019-12-09,23704.0,https://www.drycargomag.com/dry-bulk-week-49-the-baltic-briefing,"The Capesize 5TC closed the week down -$525 to settle at $23,704."
2020-01-13,9438.0,https://www.drycargomag.com/dry-bulk-week-2,"Opening the week at $10,825, the Capesize 5TC fell away to $9,020, before staging a small rally to close Friday at $9,438."
2020-01-20,8352.0,https://www.drycargomag.com/dry-bulk-week-3,"While the Capesize 5TC still softened marginally, opening the week at $9,438 and closing it at $8,352, market fundamentals appear to have stabilised with a dismal floor for owners in the Pacific and a tight tonnage situation in the Atlantic commanding a premium."
2020-02-17,2445.0,https://www.drycargomag.com/dry-bulk-week-7,"The Capesize 5TC opened the week at $2,660 to close out at $2,445."
2020-02-24,2787.0,https://www.drycargomag.com/dry-bulk-week-8,"The Capesize 5TC opened the week at $2,445 to close out the week at $2,787."
2020-03-09,2542.0,https://www.drycargomag.com/dry-bulk-week-10,"The Capesize 5TC market closed out the week at $2,542."
2020-03-16,2797.0,https://www.drycargomag.com/dry-bulk-week-11,"The Capesize 5TC opened the week at $2,542 to close at $2,797."
2020-03-23,4067.0,https://www.drycargomag.com/dry-bulk-week-12,"With the market in a constant state of flux on a seemingly endless news cycle, increasing restrictions and disruptions, the Cape 5TC managed a lift out of its recent range to settle the week at $4,067, a lift of +$1,270 for the week."
2020-03-30,3675.0,https://www.drycargomag.com/dry-bulk-week-13,"The Cape 5TC closed out the week at $3,675, down -392."
2020-04-06,5949.0,https://www.drycargomag.com/dry-bulk-week-14,"The market remains a touch above OPEX levels, with the Cape 5TC closing the week at $5,949."
2020-04-20,9875.0,https://www.drycargomag.com/dry-bulk-week-16,"The Capesize 5TC opened the shortened week at $6,762 to close out at $9,875."
2020-09-21,15761.0,https://www.drycargomag.com/dry-bulk-week-38,"The Capesize 5TC opened the week at $15,248 to close at $15,761."
2020-10-19,19952.0,https://www.drycargomag.com/dry-bulk-week-42,"Opening at $29,479, the Capesize 5TC has closed the week at $19,952, a drop of almost -30%."
2020-11-30,12712.0,https://www.drycargomag.com/dry-bulk-week-48,"Dry Bulk: Week 48 About Us About Us Contact Us Privacy Policy Publications Dry Cargo Magazine Dry Cargo Handling Directory Advertising Magazine Advertising Online Banner Advertising Newsletter Banner Advertising Online Lead-Generating Content Media kit DCi Media Pack Editorial Programme Advertising Rates News Latest News Dry Bulk Trade & Commodities Shipping & Transport Ports & Terminals Engineering & Equipment Breakbulk Regional Focus Events Subscribe Dry Bulk: Week 48 30 November 2020 Dry Bulk | Trade & Commodities | Shipping & Transport Capesize The Capesize market this week continued its recent range bound sideways drift hitting a low of $11,996 Tuesday on the 5TC, before closing the week out at $12,712."
2021-01-11,16633.0,https://www.drycargomag.com/dry-bulk-week-1-2021,"The Capesize 5TC ended 2020 at $16,633 and now closes out its opening week of 2021 at a resounding $21,131."
2021-01-18,23989.0,https://www.drycargomag.com/dry-bulk-week-2-2021,"Opening the second full week of the year at $21,131 the Capesize 5TC peaked mid-week at $26,489, before closing down to end the week at $23,989."
2021-02-01,15675.0,https://www.drycargomag.com/dry-bulk-week-4-2021,"Dropping -8,956 over the course of the week the Capesize 5TC settled at $15,675."
2021-02-15,10304.0,https://www.drycargomag.com/dry-bulk-week-6-2021,"The Capesize 5TC registered a token drop of eight to settle at $10,304 as minimal trading was heard."
2021-02-22,14224.0,https://www.drycargomag.com/dry-bulk-week-7-2021,"From last Friday at $10,304, the Capesize 5TC reached a high on Wednesday of $15,856 before retreating to close the week out at $14,224."
2021-03-08,14794.0,https://www.drycargomag.com/dry-bulk-week-9-2021,"Gaining $920 on the last trading day of the week the Capesize 5TC settled at $14,794, which reflected the solid trading activity."
2021-03-22,19437.0,https://www.drycargomag.com/dry-bulk-week-11-2021,"Dry Bulk: Week 11 About Us About Us Contact Us Privacy Policy Publications Dry Cargo Magazine Dry Cargo Handling Directory Advertising Magazine Advertising Online Banner Advertising Newsletter Banner Advertising Online Lead-Generating Content Media kit DCi Media Pack Editorial Programme Advertising Rates News Latest News Dry Bulk Trade & Commodities Shipping & Transport Ports & Terminals Engineering & Equipment Breakbulk Regional Focus Events Subscribe Dry Bulk: Week 11 22 March 2021 Dry Bulk | Trade & Commodities | Shipping & Transport Capesize A steady build for the Capesize market saw the 5TC lift $2,696 to settle the week at $19,437."
2021-05-17,34542.0,https://www.drycargomag.com/dry-bulk-week-19,"Dry Bulk: Week 19 About Us About Us Contact Us Privacy Policy Publications Dry Cargo Magazine Dry Cargo Handling Directory Advertising Magazine Advertising Online Banner Advertising Newsletter Banner Advertising Online Lead-Generating Content Media kit DCi Media Pack Editorial Programme Advertising Rates News Latest News Dry Bulk Trade & Commodities Shipping & Transport Ports & Terminals Engineering & Equipment Breakbulk Regional Focus Events Subscribe Dry Bulk: Week 19 17 May 2021 Dry Bulk | Trade & Commodities | Shipping & Transport Capesize As the week progressed it became clear that the Capesize market wasn’t having a small retracement but was in for a more significant downturn as the 5TC dropped $6,972 week-on-week to settle at $34,542."
2021-06-07,20933.0,https://www.drycargomag.com/dry-bulk-week-22-2021,"Dry Bulk: Week 22 About Us About Us Contact Us Privacy Policy Publications Dry Cargo Magazine Dry Cargo Handling Directory Advertising Magazine Advertising Online Banner Advertising Newsletter Banner Advertising Online Lead-Generating Content Media kit DCi Media Pack Editorial Programme Advertising Rates News Latest News Dry Bulk Trade & Commodities Shipping & Transport Ports & Terminals Engineering & Equipment Breakbulk Regional Focus Events Subscribe Dry Bulk: Week 22 07 June 2021 Dry Bulk | Trade & Commodities | Shipping & Transport Capesize The Capesize market found little to support levels this week as a steady slide in rates saw the 5TC drop $4,681 over the week to settle at $20,933."
2021-06-14,27752.0,https://www.drycargomag.com/dry-bulk-week-23-2021,"The Capesize 5TC opened the week with a relatively paltry $20,933, took some moderate losses early in the week to $19,845 before rebounding strongly to close out the week at $27,752."
2021-07-05,29106.0,https://www.drycargomag.com/dry-bulk-week-26-2021,"The Capesize 5TC reached $34,299 on Tuesday before closing the week out at $29,106."
2021-07-19,28572.0,https://www.drycargomag.com/dry-bulk-week-28-2021,"Dry Bulk: Week 28 About Us About Us Contact Us Privacy Policy Publications Dry Cargo Magazine Dry Cargo Handling Directory Advertising Magazine Advertising Online Banner Advertising Newsletter Banner Advertising Online Lead-Generating Content Media kit DCi Media Pack Editorial Programme Advertising Rates News Latest News Dry Bulk Trade & Commodities Shipping & Transport Ports & Terminals Engineering & Equipment Breakbulk Regional Focus Events Subscribe Dry Bulk: Week 28 19 July 2021 Dry Bulk | Trade & Commodities | Shipping & Transport Capesize The Capesize market endured a week of eroding value across all regions as the 5TC lowered $2,430 week on week to settle at $28,572."
2021-07-26,32469.0,https://www.drycargomag.com/dry-bulk-week-29-2021,"Dry Bulk: Week 29 About Us About Us Contact Us Privacy Policy Publications Dry Cargo Magazine Dry Cargo Handling Directory Advertising Magazine Advertising Online Banner Advertising Newsletter Banner Advertising Online Lead-Generating Content Media kit DCi Media Pack Editorial Programme Advertising Rates News Latest News Dry Bulk Trade & Commodities Shipping & Transport Ports & Terminals Engineering & Equipment Breakbulk Regional Focus Events Subscribe Dry Bulk: Week 29 26 July 2021 Dry Bulk | Trade & Commodities | Shipping & Transport Capesize The market drifted sideways lacking a strong directional lead most of the week, with gains towards the end the 5TC average settling at $32,469 to close the week, up almost $4,000."
2021-08-02,35713.0,https://www.drycargomag.com/dry-bulk-week-30-2021,"Dry Bulk: Week 30 About Us About Us Contact Us Privacy Policy Publications Dry Cargo Magazine Dry Cargo Handling Directory Advertising Magazine Advertising Online Banner Advertising Newsletter Banner Advertising Online Lead-Generating Content Media kit DCi Media Pack Editorial Programme Advertising Rates News Latest News Dry Bulk Trade & Commodities Shipping & Transport Ports & Terminals Engineering & Equipment Breakbulk Regional Focus Events Subscribe Dry Bulk: Week 30 02 August 2021 Dry Bulk | Trade & Commodities | Shipping & Transport Capesize The Capesize market strengthened this week as Pacific routes were affected by weather incidents pushing the 5TC up $3,244 week on week to settle at $35,713."
2021-09-06,46647.0,https://www.drycargomag.com/dry-bulk-week-35-2021,"Dry Bulk: Week 35 About Us About Us Contact Us Privacy Policy Publications Dry Cargo Magazine Dry Cargo Handling Directory Advertising Magazine Advertising Online Banner Advertising Newsletter Banner Advertising Online Lead-Generating Content Media kit DCi Media Pack Editorial Programme Advertising Rates News Latest News Dry Bulk Trade & Commodities Shipping & Transport Ports & Terminals Engineering & Equipment Breakbulk Regional Focus Events Subscribe Dry Bulk: Week 35 06 September 2021 Dry Bulk | Trade & Commodities | Shipping & Transport Capesize The Capesize market crested over the past week as the 5TC retracted $4452 since last Friday to close out at $46,647."
2021-09-27,61309.0,https://www.drycargomag.com/dry-bulk-week-38-2021,"The Capesize 5TC opened the week at $53,240 and never looked like taking a backward step as it closed out the week a staggering $8,069 up settling Friday at $61,309."
2021-10-11,83865.0,https://www.drycargomag.com/dry-bulk-week-40-2021,"The Capesize 5TC managed a high of $86,953 on Thursday before closing out the week on a softer note at $83,865."
2021-11-08,27199.0,https://www.drycargomag.com/dry-bulk-week-44-2021,"Dry Bulk: Week 44 About Us About Us Contact Us Privacy Policy Publications Dry Cargo Magazine Dry Cargo Handling Directory Advertising Magazine Advertising Online Banner Advertising Newsletter Banner Advertising Online Lead-Generating Content Media kit DCi Media Pack Editorial Programme Advertising Rates News Latest News Dry Bulk Trade & Commodities Shipping & Transport Ports & Terminals Engineering & Equipment Breakbulk Regional Focus Events Subscribe Dry Bulk: Week 44 08 November 2021 Dry Bulk | Trade & Commodities | Shipping & Transport Capesize The Capesize market has endured another difficult period of sliding rates as the 5TC sustained losses week-on-week of -8866 to close out at $27,199."
2021-11-22,29938.0,https://www.drycargomag.com/dry-bulk-week-46-2021,"Dry Bulk: Week 46 About Us About Us Contact Us Privacy Policy Publications Dry Cargo Magazine Dry Cargo Handling Directory Advertising Magazine Advertising Online Banner Advertising Newsletter Banner Advertising Online Lead-Generating Content Media kit DCi Media Pack Editorial Programme Advertising Rates News Latest News Dry Bulk Trade & Commodities Shipping & Transport Ports & Terminals Engineering & Equipment Breakbulk Regional Focus Events Subscribe Dry Bulk: Week 46 22 November 2021 Dry Bulk | Trade & Commodities | Shipping & Transport Capesize The Capesize market closed out a generally underwhelming week with positive sentiment and an uptick in the final days with the 5TC lifting +2905 to settle at $29,938."
2021-12-13,40035.0,https://www.drycargomag.com/dry-bulk-week-49-2021,"Dry Bulk: Week 49 About Us About Us Contact Us Privacy Policy Publications Dry Cargo Magazine Dry Cargo Handling Directory Advertising Magazine Advertising Online Banner Advertising Newsletter Banner Advertising Online Lead-Generating Content Media kit DCi Media Pack Editorial Programme Advertising Rates News Latest News Dry Bulk Trade & Commodities Shipping & Transport Ports & Terminals Engineering & Equipment Breakbulk Regional Focus Events Subscribe Dry Bulk: Week 49 13 December 2021 Dry Bulk | Trade & Commodities | Shipping & Transport Capesize The Capesize market peaked mid-week from its recent rally as the 5TC marked down -$1344 on the last day of the week to settle at $40,035."
2022-01-10,19176.0,https://www.drycargomag.com/dry-bulk-week-1-2022,"Closing out 2021 at $19,176 the Cape 5TC ended its first week in 2022 at $20,167."
2022-01-17,12407.0,https://www.drycargomag.com/dry-bulk-week-2-2022,"Dry Bulk: Week 2 About Us About Us Contact Us Privacy Policy Publications Dry Cargo Magazine Dry Cargo Handling Directory Advertising Magazine Advertising Online Banner Advertising Newsletter Banner Advertising Online Lead-Generating Content Media kit DCi Media Pack Editorial Programme Advertising Rates News Latest News Dry Bulk Trade & Commodities Shipping & Transport Ports & Terminals Engineering & Equipment Breakbulk Regional Focus Events Subscribe Dry Bulk: Week 2 17 January 2022 Dry Bulk | Trade & Commodities | Shipping & Transport Capesize The Capesize market endured a somewhat traditional post-holiday Q1 drop as the 5TC descended -7760 over the week to settle at $12,407."
2022-02-07,10302.0,https://www.drycargomag.com/dry-bulk-week-5-2022,"Dry Bulk: Week 5 About Us About Us Contact Us Privacy Policy Publications Dry Cargo Magazine Dry Cargo Handling Directory Advertising Magazine Advertising Online Banner Advertising Newsletter Banner Advertising Online Lead-Generating Content Media kit DCi Media Pack Editorial Programme Advertising Rates News Latest News Dry Bulk Trade & Commodities Shipping & Transport Ports & Terminals Engineering & Equipment Breakbulk Regional Focus Events Subscribe Dry Bulk: Week 5 07 February 2022 Dry Bulk | Trade & Commodities | Shipping & Transport Capesize The Capesize market traded sideways this week as the 5TC closed at $10,302, an improvement of +1384 over the week."
2022-02-14,15397.0,https://www.drycargomag.com/dry-bulk-report-week-6-2022,"Activity was clearly seen to be elevated as the Capesize 5TC rose +5095 over the week to close on a mild Friday at $15,397."
2022-02-21,13888.0,https://www.drycargomag.com/dry-bulk-week-7-2022,"Closing Friday some reprieve was found as the Capesize 5TC closed on a positive up note +1888 to settle at $13,888."
2022-02-28,14026.0,https://www.drycargomag.com/dry-bulk-report-week-8-2022,"The Capesize 5TC reached a high of $18,181 Wednesday before shedding -4155 by weeks end to close at $14,026."
2022-03-14,22195.0,https://www.drycargomag.com/dry-bulk-week-10-2022,"Dry Bulk: Week 10 / 2022 About Us About Us Contact Us Privacy Policy Publications Dry Cargo Magazine Dry Cargo Handling Directory Advertising Magazine Advertising Online Banner Advertising Newsletter Banner Advertising Online Lead-Generating Content Media kit DCi Media Pack Editorial Programme Advertising Rates News Latest News Dry Bulk Trade & Commodities Shipping & Transport Ports & Terminals Engineering & Equipment Breakbulk Regional Focus Events Subscribe Dry Bulk: Week 10 / 2022 14 March 2022 Dry Bulk | Trade & Commodities | Shipping & Transport Capesize The Capesize market appeared to get caught up in the wider market rallies this week as geopolitical tensions run high, with the 5TC lifting $8635 over the week to settle at $22,195."
2022-03-28,15648.0,https://www.drycargomag.com/dry-bulk-week-122022,"Dry Bulk: Week 12/2022 About Us About Us Contact Us Privacy Policy Publications Dry Cargo Magazine Dry Cargo Handling Directory Advertising Magazine Advertising Online Banner Advertising Newsletter Banner Advertising Online Lead-Generating Content Media kit DCi Media Pack Editorial Programme Advertising Rates News Latest News Dry Bulk Trade & Commodities Shipping & Transport Ports & Terminals Engineering & Equipment Breakbulk Regional Focus Events Subscribe Dry Bulk: Week 12/2022 28 March 2022 Dry Bulk | Trade & Commodities | Shipping & Transport Capesize The Capesize market had to contend with volatile bunker concerns once again as the 5TC lost $5956 week on week to close at $15,648."
2022-05-23,37538.0,https://www.drycargomag.com/dry-bulk-week-20-2022,"The Capesize 5TC rose +$4,805 over the week to close at $37,538."
2022-06-20,24776.0,https://www.drycargomag.com/dry-bulk-week-24-2022,"Amongst this turmoil the sector managed to find a floor under its recent softening as sentiment improved in the latter part of the week with the Capesize 5TC lifting $5,111 over the week to finish at $24,776."
2022-07-18,24209.0,https://www.drycargomag.com/dry-bulk-week-28-2022,"Dry Bulk: Week 28 / 2022 About Us About Us Contact Us Privacy Policy Publications Dry Cargo Magazine Dry Cargo Handling Directory Advertising Magazine Advertising Online Banner Advertising Newsletter Banner Advertising Online Lead-Generating Content Media kit DCi Media Pack Editorial Programme Advertising Rates News Latest News Dry Bulk Trade & Commodities Shipping & Transport Ports & Terminals Engineering & Equipment Breakbulk Regional Focus Events Subscribe Dry Bulk: Week 28 / 2022 18 July 2022 Dry Bulk | Trade & Commodities | Shipping & Transport Capesize Firmer sentiment across both basins pushed the Capesize 5TC route average above the $20,000 threshold this week, closing at $24,209."
2022-10-17,17965.0,https://www.drycargomag.com/flat-week-for-dry-bulk-shipping,"The Capesize 5TC lowered 1909 over the week to settle at $17,965."
2026-02-09,26468.0,https://www.drycargomag.com/baltic-exchange-dry-bulk-weekly-report-0626,"Baltic Exchange: Dry Bulk Weekly Report About Us About Us Contact Us Privacy Policy Publications Dry Cargo Magazine Dry Cargo Handling Directory Advertising Magazine Advertising Online Banner Advertising Newsletter Banner Advertising Online Lead-Generating Content Media kit DCi Media Pack Editorial Programme Advertising Rates News Latest News Dry Bulk Trade & Commodities Shipping & Transport Ports & Terminals Engineering & Equipment Breakbulk Regional Focus Events Subscribe Baltic Exchange: Dry Bulk Weekly Report 09 February 2026 Dry Bulk | Trade & Commodities | Shipping & Transport Capesize The market endured a broadly softer week, with sentiment cooling across both the Pacific and Atlantic as the BCI 182 5TC slid from the low $31,000s to finish closer to $26,468."
2026-02-16,28849.0,https://www.drycargomag.com/baltic-exchange-dry-bulk-weekly-report-072026,"The Capesize 5 Timecharter average (C5TC 182) opened at $25,692 and closed at $28,849, marking a $3,157 rise over the five trading days."
