date,target_5tc,lag_1,lag_2,lag_3,lag_4,lag_8,rolling_mean_4,rolling_mean_8,rolling_std_4,target_next_week
2019-08-19,29624.0,32765.0,15007.0,12243.0,5737.0,,16438.0,,11557.510054794098,30437.0
2019-08-27,30437.0,29624.0,32765.0,15007.0,12243.0,,22409.75,,10286.562735757105,34583.0
2019-09-02,34583.0,30437.0,29624.0,32765.0,15007.0,,26958.25,,8077.92561552779,23675.0
2019-10-07,23675.0,34583.0,30437.0,29624.0,32765.0,,31852.25,,2255.2264298735104,23704.0
2019-12-09,23704.0,23675.0,34583.0,30437.0,29624.0,5737.0,29579.75,23008.875,4495.75424706467,9438.0
2020-01-13,9438.0,23704.0,23675.0,34583.0,30437.0,12243.0,28099.75,25254.75,5366.448196898952,8352.0
2020-01-20,8352.0,9438.0,23704.0,23675.0,34583.0,15007.0,22850.0,24904.125,10311.077764553358,2445.0
2020-02-17,2445.0,8352.0,9438.0,23704.0,23675.0,32765.0,16292.25,24072.25,8553.115392455937,2787.0
2020-02-24,2787.0,2445.0,8352.0,9438.0,23704.0,29624.0,10984.75,20282.25,9019.06238197741,2542.0
2020-03-09,2542.0,2787.0,2445.0,8352.0,9438.0,30437.0,5755.5,16927.625,3654.8607360609553,2797.0
2020-03-16,2797.0,2542.0,2787.0,2445.0,8352.0,34583.0,4031.5,13440.75,2883.9263166731616,4067.0
2020-03-23,4067.0,2797.0,2542.0,2787.0,2445.0,23675.0,2642.75,9467.5,176.87731152796934,3675.0
2020-03-30,3675.0,4067.0,2797.0,2542.0,2787.0,23704.0,3048.25,7016.5,689.3278731247531,5949.0
2020-04-06,5949.0,3675.0,4067.0,2797.0,2542.0,9438.0,3270.25,4512.875,719.4782252901721,9875.0
2020-04-20,9875.0,5949.0,3675.0,4067.0,2797.0,8352.0,4122.0,4076.75,1328.7071410460228,15761.0
2020-09-21,15761.0,9875.0,5949.0,3675.0,4067.0,2445.0,5891.5,4267.125,2835.0926498676126,19952.0
2020-10-19,19952.0,15761.0,9875.0,5949.0,3675.0,2787.0,8815.0,5931.625,5291.63087651939,12712.0
2020-11-30,12712.0,19952.0,15761.0,9875.0,5949.0,2542.0,12884.25,8077.25,6201.668021589033,16633.0
2021-01-11,16633.0,12712.0,19952.0,15761.0,9875.0,2797.0,14575.0,9348.5,4315.842675538583,23989.0
2021-01-18,23989.0,16633.0,12712.0,19952.0,15761.0,4067.0,16264.5,11078.0,2978.098778303595,15675.0
2021-02-01,15675.0,23989.0,16633.0,12712.0,19952.0,3675.0,18321.5,13568.25,4799.187743774985,10304.0
2021-02-15,10304.0,15675.0,23989.0,16633.0,12712.0,5949.0,17252.25,15068.25,4791.271882287629,14224.0
2021-02-22,14224.0,10304.0,15675.0,23989.0,16633.0,9875.0,16650.25,15612.625,5629.788354518018,14794.0
2021-03-08,14794.0,14224.0,10304.0,15675.0,23989.0,15761.0,16048.0,16156.25,5759.604210939038,19437.0
2021-03-22,19437.0,14794.0,14224.0,10304.0,15675.0,19952.0,13749.25,16035.375,2373.1238730135224,34542.0
2021-05-17,34542.0,19437.0,14794.0,14224.0,10304.0,12712.0,14689.75,15971.0,3741.611807318699,20933.0
2021-06-07,20933.0,34542.0,19437.0,14794.0,14224.0,16633.0,20749.25,18699.75,9486.93562660427,27752.0
2021-06-14,27752.0,20933.0,34542.0,19437.0,14794.0,23989.0,22426.5,19237.25,8489.366858998774,29106.0
2021-07-05,29106.0,27752.0,20933.0,34542.0,19437.0,15675.0,25666.0,19707.625,6936.293486678125,28572.0
2021-07-19,28572.0,29106.0,27752.0,20933.0,34542.0,10304.0,28083.25,21386.5,5597.537278422841,4000.0
2021-07-26,4000.0,28572.0,29106.0,27752.0,20933.0,14224.0,26590.75,23670.0,3812.718660396198,35713.0
2021-08-02,35713.0,4000.0,28572.0,29106.0,27752.0,14794.0,22357.5,22392.0,12250.995864282491,46647.0
2021-09-06,46647.0,35713.0,4000.0,28572.0,29106.0,19437.0,24347.75,25006.875,13948.537184354975,61309.0
2021-09-27,61309.0,46647.0,35713.0,4000.0,28572.0,34542.0,28733.0,28408.125,18086.634162644343,83865.0
2021-10-11,83865.0,61309.0,46647.0,35713.0,4000.0,20933.0,36917.25,31754.0,24321.60266614846,27199.0
2021-11-08,27199.0,83865.0,61309.0,46647.0,35713.0,27752.0,56883.5,39620.5,20821.16227143272,29938.0
2021-11-22,29938.0,27199.0,83865.0,61309.0,46647.0,29106.0,54755.0,39551.375,23912.478025778368,40035.0
2021-12-13,40035.0,29938.0,27199.0,83865.0,61309.0,28572.0,50577.75,39655.375,27054.056816862052,19176.0
2022-01-10,19176.0,40035.0,29938.0,27199.0,83865.0,4000.0,45259.25,41088.25,26322.424234544455,12407.0
2022-01-17,12407.0,19176.0,40035.0,29938.0,27199.0,35713.0,29087.0,42985.25,8609.59484141578,10302.0
2022-02-07,10302.0,12407.0,19176.0,40035.0,29938.0,46647.0,25389.0,40072.0,12142.657726653853,15397.0
2022-02-14,15397.0,10302.0,12407.0,19176.0,40035.0,61309.0,20480.0,35528.875,13575.264932958025,13888.0
2022-02-21,13888.0,15397.0,10302.0,12407.0,19176.0,83865.0,14320.5,29789.875,3853.3343569779295,14026.0
2022-02-28,14026.0,13888.0,15397.0,10302.0,12407.0,27199.0,12998.5,21042.75,2172.939407039808,22195.0
2022-03-14,22195.0,14026.0,13888.0,15397.0,10302.0,29938.0,13403.25,19396.125,2176.8165402715604,15648.0
2022-03-28,15648.0,22195.0,14026.0,13888.0,15397.0,40035.0,16376.5,18428.25,3938.3518126241397,37538.0
2022-05-23,37538.0,15648.0,22195.0,14026.0,13888.0,19176.0,16439.25,15379.875,3919.4977037880562,24776.0
2022-06-20,24776.0,37538.0,15648.0,22195.0,14026.0,12407.0,22351.75,17675.125,10722.330852788797,24209.0
2022-07-18,24209.0,24776.0,37538.0,15648.0,22195.0,10302.0,25039.25,19221.25,9175.572402671482,17965.0
2022-10-17,17965.0,24209.0,24776.0,37538.0,15648.0,15397.0,25542.75,20959.625,9021.43548721598,26468.0
2026-02-09,26468.0,17965.0,24209.0,24776.0,37538.0,13888.0,26122.0,21280.625,8212.44969543192,28849.0
