candidate_id,imo,mmsi,vessel_name,candidate_vessel_class,dwt,dwt_class,gt,built,vessel_age_years,draught,size_a,size_b,flag,lat,lon,speed,avg_sog,max_sog,course,nav_status,destination,last_port,last_port_unloco,last_port_dep_utc,next_port,next_port_unloco,next_port_eta_utc,freshness_minutes,observation_count,first_observation_timestamp,last_observation_timestamp,mean_reported_speed,max_reported_speed,min_reported_speed,mean_freshness_minutes,has_extended_metadata,has_dwt,has_reported_speed,has_avg_sog,has_position,ais_fresh,has_multiple_observations,metadata_non_null_count,metadata_completeness,candidate_usable,candidate_source
IMO_102579600,102579600,636024708,BH PROGRESS,BULK_CARRIER,,UNKNOWN,,,,,,,,-23.78191,151.47799,0.0,,,75.0,1,,,,,,,,75.21666666666667,2,2026-08-28 04:16:15+00:00,2026-08-28 04:21:18+00:00,0.0,0.0,0.0,72.69166666666666,False,False,True,False,True,True,True,0,0.0,True,MYSHIPTRACKING_AIS_TRIAL
IMO_9290971,9290971,441609000,ORIENTAL ENTERPRISE,BULK_CARRIER,88125.0,PANAMAX,48042.0,2004.0,22.0,7.6,196.0,34.0,KR,-23.83007,151.60824,0.0,11.1,14.3,158.0,1,,BORYEONG,KRBOR,2026-06-21T05:17:27Z,,,,126.18333333333334,2,2026-08-28 04:16:15+00:00,2026-08-28 04:21:18+00:00,0.0,0.0,0.0,123.65833333333333,True,True,True,True,True,True,True,6,0.75,True,MYSHIPTRACKING_AIS_TRIAL
IMO_9324502,9324502,440422000,WHITE ROSE,BULK_CARRIER,171827.0,CAPE,89097.0,2006.0,20.0,9.3,247.0,42.0,KR,-23.79759,151.47986,0.3,11.3,14.6,133.0,1,,GWANGYANG,KRKAN,2026-08-11T22:32:44Z,GLADSTONE,AUGLT,2026-08-25T23:00:00Z,74.75,2,2026-08-28 04:16:15+00:00,2026-08-28 04:21:18+00:00,0.3,0.3,0.3,72.225,True,True,True,True,True,True,True,8,1.0,True,MYSHIPTRACKING_AIS_TRIAL
IMO_9383508,9383508,352721000,HPC GALAXY,BULK_CARRIER,32228.0,HANDYSIZE,20250.0,2009.0,17.0,6.3,155.0,22.0,PA,-23.88196,151.59079,0.3,11.0,13.7,142.0,1,,GEELONG,AUGEX,2026-08-15T21:31:02Z,GLADSTONE,AUGLT,2026-08-20T10:00:00Z,107.6,2,2026-08-28 04:16:15+00:00,2026-08-28 04:21:18+00:00,0.3,0.3,0.3,105.07499999999999,True,True,True,True,True,True,True,8,1.0,True,MYSHIPTRACKING_AIS_TRIAL
IMO_9454905,9454905,210083000,EFESSOS WAVE,BULK_CARRIER,87332.0,PANAMAX,47984.0,2012.0,14.0,7.2,199.0,30.0,CY,-23.86487,151.59145,0.0,9.2,13.5,122.0,1,,NEWCASTLE,AUNTL,2026-06-23T07:07:31Z,GLADSTONE,AUGLT,2026-08-24T21:00:00Z,74.9,2,2026-08-28 04:16:15+00:00,2026-08-28 04:21:18+00:00,0.0,0.0,0.0,72.375,True,True,True,True,True,True,True,8,1.0,True,MYSHIPTRACKING_AIS_TRIAL
IMO_9465186,9465186,636019494,ES GLORY SEA,BULK_CARRIER,177000.0,CAPE,91407.0,2007.0,19.0,9.4,251.0,41.0,LR,-23.75762,151.47274,0.1,9.6,12.8,64.0,1,,JINGTANG,CNTAS,2026-08-01T05:40:30Z,GLADSTONE,AUGLT,2026-08-19T20:00:00Z,74.65,2,2026-08-28 04:16:15+00:00,2026-08-28 04:21:18+00:00,0.1,0.1,0.1,72.125,True,True,True,True,True,True,True,8,1.0,True,MYSHIPTRACKING_AIS_TRIAL
IMO_9519779,9519779,205580000,MINERAL STONEHENGE,BULK_CARRIER,175713.0,CAPE,91971.0,2010.0,16.0,10.4,251.0,41.0,BE,-23.81305,151.49913,0.0,10.1,13.8,172.0,1,,BORYEONG,KRBOR,2026-08-04T07:05:24Z,GLADSTONE,AUGLT,2026-08-22T19:00:00Z,78.68333333333334,2,2026-08-28 04:16:15+00:00,2026-08-28 04:21:18+00:00,0.0,0.0,0.0,76.15833333333333,True,True,True,True,True,True,True,8,1.0,True,MYSHIPTRACKING_AIS_TRIAL
IMO_9523201,9523201,413985000,YUN LONG FENG,BULK_CARRIER,,UNKNOWN,,,,7.3,193.0,32.0,CN,-23.8292,151.58686,0.1,10.5,13.7,119.0,1,,RIZHAO,CNRZH,2026-08-02T23:04:35Z,GLADSTONE,AUGLT,2026-08-21T09:00:00Z,73.73333333333333,2,2026-08-28 04:16:15+00:00,2026-08-28 04:21:18+00:00,0.1,0.1,0.1,71.20833333333334,True,False,True,True,True,True,True,5,0.625,True,MYSHIPTRACKING_AIS_TRIAL
IMO_9565546,9565546,351733000,CHESAPEAKE HIGHWAY,BULK_CARRIER,,UNKNOWN,,,,,,,,-23.86656,151.57271,0.1,,,116.0,1,,,,,,,,73.5,2,2026-08-28 04:16:15+00:00,2026-08-28 04:21:18+00:00,0.1,0.1,0.1,70.975,False,False,True,False,True,True,True,0,0.0,True,MYSHIPTRACKING_AIS_TRIAL
IMO_9587350,9587350,636019937,ANABELA,BULK_CARRIER,177029.0,CAPE,92053.0,2010.0,16.0,10.4,251.0,40.0,LR,-23.76171,151.51549,0.2,11.6,14.5,189.0,1,,JINGTANG,CNTAS,2026-08-01T06:20:44Z,,,,108.25,2,2026-08-28 04:16:15+00:00,2026-08-28 04:21:18+00:00,0.2,0.2,0.2,105.725,True,True,True,True,True,True,True,6,0.75,True,MYSHIPTRACKING_AIS_TRIAL
IMO_9599078,9599078,311001257,POPEYE,BULK_CARRIER,98730.0,PANAMAX,51905.0,2013.0,13.0,8.3,211.0,29.0,BS,-23.81556,151.2388,0.0,,,138.0,5,,QINGDAO,CNQDG,2026-07-29T01:28:37Z,DALRYMPLE,AUHPT,2026-08-29T20:00:00Z,73.26666666666667,2,2026-08-28 04:16:15+00:00,2026-08-28 04:21:18+00:00,0.0,0.0,0.0,70.74166666666667,True,True,True,False,True,True,True,8,1.0,True,MYSHIPTRACKING_AIS_TRIAL
IMO_9603398,9603398,373033000,CAPE RAINBOW,BULK_CARRIER,207886.0,VLOC_OR_VERY_LARGE,106251.0,2012.0,14.0,10.0,262.0,38.0,PA,-23.79231,151.53191,3.9,9.4,13.2,208.0,0,,NEWCASTLE,AUNTL,2026-08-24T21:28:50Z,GLADSTONE,AUGLT,2026-08-28T05:58:59Z,73.3,2,2026-08-28 04:16:15+00:00,2026-08-28 04:21:18+00:00,3.9,3.9,3.9,70.775,True,True,True,True,True,True,True,8,1.0,True,MYSHIPTRACKING_AIS_TRIAL
IMO_9607136,9607136,564856000,RTM DHAMBUL,BULK_CARRIER,70373.0,SUPRAMAX,38800.0,2013.0,13.0,11.9,195.0,30.0,SG,-23.83336,151.51863,0.0,11.5,14.8,251.0,1,,WEIPA,AUWEI,2026-07-24T12:47:35Z,GLADSTONE,AUGLT,2026-08-27T06:00:00Z,73.48333333333333,2,2026-08-28 04:16:15+00:00,2026-08-28 04:21:18+00:00,0.0,0.0,0.0,70.95833333333334,True,True,True,True,True,True,True,8,1.0,True,MYSHIPTRACKING_AIS_TRIAL
IMO_9614919,9614919,431812000,SG UNITED,BULK_CARRIER,,UNKNOWN,,,,9.9,254.0,38.0,JP,-23.8134,151.46051,0.2,10.4,14.3,149.0,1,,KASHIMA,JPKSM,2026-07-27T09:08:21Z,,,,75.91666666666667,2,2026-08-28 04:16:15+00:00,2026-08-28 04:21:18+00:00,0.2,0.2,0.2,73.39166666666667,True,False,True,True,True,True,True,3,0.375,True,MYSHIPTRACKING_AIS_TRIAL
IMO_9633159,9633159,636025609,MAIZURU KICHIJO,BULK_CARRIER,91435.0,PANAMAX,50626.0,2012.0,14.0,12.5,201.0,34.0,LR,-23.85197,151.31129,0.0,,,261.0,5,,,,,GLADSTONE,AUGLT,2026-08-22T00:00:00Z,24.2,2,2026-08-28 04:16:15+00:00,2026-08-28 04:21:18+00:00,0.0,0.0,0.0,21.674999999999997,True,True,True,False,True,True,True,7,0.875,True,MYSHIPTRACKING_AIS_TRIAL
IMO_9650767,9650767,352035000,RAGA,BULK_CARRIER,95666.0,PANAMAX,50615.0,2013.0,13.0,7.7,206.0,29.0,PA,-23.81918,151.48063,0.2,12.3,14.9,81.0,1,,HUANGHUA,CNHNH,2026-08-02T09:20:28Z,GLADSTONE,AUGLT,2026-08-18T13:00:00Z,86.28333333333333,2,2026-08-28 04:16:15+00:00,2026-08-28 04:21:18+00:00,0.2,0.2,0.2,83.75833333333333,True,True,True,True,True,True,True,8,1.0,True,MYSHIPTRACKING_AIS_TRIAL
IMO_9689897,9689897,565285000,STRATEGIC HARMONY,BULK_CARRIER,,UNKNOWN,,,,6.8,155.0,25.0,SG,-23.85092,151.47758,0.0,9.8,13.8,86.0,1,,LUMUT,MYLUM,2026-08-01T09:13:54Z,GLADSTONE,AUGLT,2026-08-21T12:00:00Z,74.88333333333334,2,2026-08-28 04:16:15+00:00,2026-08-28 04:21:18+00:00,0.0,0.0,0.0,72.35833333333333,True,False,True,True,True,True,True,5,0.625,True,MYSHIPTRACKING_AIS_TRIAL
IMO_9694945,9694945,269084000,BREGAGLIA,BULK_CARRIER,,UNKNOWN,,,,8.1,203.0,37.0,CH,-23.83375,151.47999,0.0,10.6,13.8,73.0,1,,HITACHINAKA,JPHIC,2026-08-08T10:24:31Z,GLADSTONE,AUGLT,2026-08-24T13:30:00Z,78.51666666666667,2,2026-08-28 04:16:15+00:00,2026-08-28 04:21:18+00:00,0.0,0.0,0.0,75.99166666666667,True,False,True,True,True,True,True,5,0.625,True,MYSHIPTRACKING_AIS_TRIAL
IMO_9700823,9700823,352286000,CAPE HOPE,BULK_CARRIER,,UNKNOWN,,,,9.8,258.0,41.0,PA,-23.8005,151.49697,0.2,11.2,15.9,125.0,1,,MIZUSHIMA,JPMIZ,2026-07-19T02:00:29Z,,,,73.71666666666667,2,2026-08-28 04:16:15+00:00,2026-08-28 04:21:18+00:00,0.2,0.2,0.2,71.19166666666666,True,False,True,True,True,True,True,3,0.375,True,MYSHIPTRACKING_AIS_TRIAL
IMO_9708318,9708318,636016900,CAROLA,BULK_CARRIER,,UNKNOWN,,,,9.5,200.0,25.0,LR,-23.89876,151.57304,0.2,11.8,14.8,146.0,1,,TAICHUNG,TWTXG,2026-07-30T16:44:36Z,,,,82.81666666666666,2,2026-08-28 04:16:15+00:00,2026-08-28 04:21:18+00:00,0.2,0.2,0.2,80.29166666666666,True,False,True,True,True,True,True,3,0.375,True,MYSHIPTRACKING_AIS_TRIAL
IMO_9713442,9713442,372754000,CAPE HARVEST,BULK_CARRIER,,UNKNOWN,,,,8.8,260.0,40.0,PA,-23.84951,151.45999,0.3,10.2,15.8,126.0,1,,MIZUSHIMA,JPMIZ,2026-08-02T05:32:38Z,,,,74.73333333333333,2,2026-08-28 04:16:15+00:00,2026-08-28 04:21:18+00:00,0.3,0.3,0.3,72.20833333333334,True,False,True,True,True,True,True,3,0.375,True,MYSHIPTRACKING_AIS_TRIAL
IMO_9747390,9747390,538006474,DSI PEGASUS,BULK_CARRIER,,UNKNOWN,,,,12.8,171.0,29.0,MH,-23.79018,151.18005,0.0,,,127.0,5,,LIANYUNGANG,CNLYG,2026-08-04T01:36:37Z,,,,130.41666666666666,2,2026-08-28 04:16:15+00:00,2026-08-28 04:21:18+00:00,0.0,0.0,0.0,127.89166666666665,True,False,True,False,True,True,True,3,0.375,True,MYSHIPTRACKING_AIS_TRIAL
IMO_9774472,9774472,636017368,KANG MAY,BULK_CARRIER,,UNKNOWN,,,,12.5,198.0,30.0,LR,-23.79253,151.18373,0.1,,,306.0,5,,LONGKOU,CNLKU,2026-08-04T02:56:39Z,,,,73.6,2,2026-08-28 04:16:15+00:00,2026-08-28 04:21:18+00:00,0.1,0.1,0.1,71.07499999999999,True,False,True,False,True,True,True,3,0.375,True,MYSHIPTRACKING_AIS_TRIAL
IMO_9789831,9789831,636017377,JIA MAY,BULK_CARRIER,,UNKNOWN,,,,7.3,198.0,30.0,LR,-23.76622,151.49601,0.2,12.1,15.1,76.0,1,,KITAKYUSHU,JPKKJ,2026-07-31T16:44:00Z,,,,77.38333333333334,2,2026-08-28 04:16:15+00:00,2026-08-28 04:21:18+00:00,0.2,0.2,0.2,74.85833333333333,True,False,True,True,True,True,True,3,0.375,True,MYSHIPTRACKING_AIS_TRIAL
IMO_9790880,9790880,431491000,NSU VOYAGER,BULK_CARRIER,,UNKNOWN,,,,9.4,257.0,42.0,JP,-23.77969,151.51859,0.1,11.6,15.3,171.0,1,,NAGOYA,JPNGO,2026-08-05T04:44:30Z,GLADSTONE,AUGLT,2026-08-18T07:00:00Z,76.11666666666666,2,2026-08-28 04:16:15+00:00,2026-08-28 04:21:18+00:00,0.1,0.1,0.1,73.59166666666667,True,False,True,True,True,True,True,5,0.625,True,MYSHIPTRACKING_AIS_TRIAL
IMO_9802205,9802205,636018574,MEDI PALMAROLA,BULK_CARRIER,,UNKNOWN,,,,7.2,202.0,27.0,LR,-23.90016,151.58984,0.1,10.9,15.3,106.0,1,,NEWCASTLE,AUNTL,2026-06-25T17:28:45Z,GLADSTONE,AUGLT,2026-08-24T13:00:00Z,83.66666666666667,2,2026-08-28 04:16:15+00:00,2026-08-28 04:21:18+00:00,0.1,0.1,0.1,81.14166666666667,True,False,True,True,True,True,True,5,0.625,True,MYSHIPTRACKING_AIS_TRIAL
IMO_9815939,9815939,636018518,MEDI GINEVRA,BULK_CARRIER,,UNKNOWN,,,,7.5,199.0,30.0,LR,-23.88145,151.57301,0.1,11.0,15.5,159.0,1,,MIZUSHIMA,JPMIZ,2026-08-01T23:56:37Z,,,,115.68333333333334,2,2026-08-28 04:16:15+00:00,2026-08-28 04:21:18+00:00,0.1,0.1,0.1,113.15833333333333,True,False,True,True,True,True,True,3,0.375,True,MYSHIPTRACKING_AIS_TRIAL
IMO_9877872,9877872,538009641,SDTR ERICA,BULK_CARRIER,,UNKNOWN,,,,12.5,195.0,32.0,MH,-23.85242,151.61422,0.0,10.1,14.3,231.0,1,,HUANGHUA,CNHNH,2026-08-03T04:28:41Z,GLADSTONE,AUGLT,2026-08-24T14:45:00Z,73.71666666666667,2,2026-08-28 04:16:15+00:00,2026-08-28 04:21:18+00:00,0.0,0.0,0.0,71.19166666666666,True,False,True,True,True,True,True,5,0.625,True,MYSHIPTRACKING_AIS_TRIAL
IMO_9885063,9885063,636020378,BRILLIANT MERCURY,BULK_CARRIER,,UNKNOWN,,,,7.9,217.0,33.0,LR,-23.81812,151.24128,0.0,,,138.0,5,,FUKUYAMA,JPFKY,2026-08-01T00:12:37Z,,,,49.93333333333333,2,2026-08-28 04:16:15+00:00,2026-08-28 04:21:18+00:00,0.0,0.0,0.0,47.40833333333333,True,False,True,False,True,True,True,3,0.375,True,MYSHIPTRACKING_AIS_TRIAL
IMO_9889306,9889306,352393000,AZUL TIERRA,BULK_CARRIER,,UNKNOWN,,,,10.9,261.0,39.0,PA,-23.79716,151.5176,0.1,9.7,12.3,181.0,1,,DALRYMPLE,AUHPT,2026-08-25T22:12:50Z,GLADSTONE,AUGLT,2026-08-26T21:00:00Z,74.6,2,2026-08-28 04:16:15+00:00,2026-08-28 04:21:18+00:00,0.1,0.1,0.1,72.07499999999999,True,False,True,True,True,True,True,5,0.625,True,MYSHIPTRACKING_AIS_TRIAL
IMO_9894818,9894818,538009407,DESERT NAMULI,BULK_CARRIER,,UNKNOWN,,,,6.8,170.0,29.0,MH,-23.82325,151.24626,0.0,,,139.0,5,,TIANJIN,CNTXG,2026-07-18T12:44:26Z,,,,75.98333333333333,2,2026-08-28 04:16:15+00:00,2026-08-28 04:21:18+00:00,0.0,0.0,0.0,73.45833333333334,True,False,True,False,True,True,True,3,0.375,True,MYSHIPTRACKING_AIS_TRIAL
IMO_9906740,9906740,636021216,TAHO CIRCULAR,BULK_CARRIER,,UNKNOWN,,,,7.4,198.0,31.0,LR,-23.8323,151.49698,0.0,11.1,15.5,62.0,1,,GLADSTONE,AUGLT,2026-06-26T20:27:15Z,,,,74.15,2,2026-08-28 04:16:15+00:00,2026-08-28 04:21:18+00:00,0.0,0.0,0.0,71.625,True,False,True,True,True,True,True,3,0.375,True,MYSHIPTRACKING_AIS_TRIAL
IMO_9914371,9914371,538012764,METIS TITANIUM,BULK_CARRIER,,UNKNOWN,,,,,,,,-23.84856,151.58976,0.0,,,128.0,1,,,,,,,,82.85,2,2026-08-28 04:16:15+00:00,2026-08-28 04:21:18+00:00,0.0,0.0,0.0,80.32499999999999,False,False,True,False,True,True,True,0,0.0,True,MYSHIPTRACKING_AIS_TRIAL
IMO_9934204,9934204,477833200,JOSCO LIUZHOU,BULK_CARRIER,,UNKNOWN,,,,7.1,171.0,29.0,HK,-23.82068,151.24365,0.0,,,140.0,5,,DONGJIAKOU,,2026-07-30T06:24:37Z,,,,3.15,2,2026-08-28 04:16:15+00:00,2026-08-28 04:21:18+00:00,0.0,0.0,0.0,3.625,True,False,True,False,True,True,True,3,0.375,True,MYSHIPTRACKING_AIS_TRIAL
IMO_9947768,9947768,636093091,BBC URANUS,BULK_CARRIER,,UNKNOWN,,,,8.9,151.0,28.0,LR,-23.83292,151.26313,0.0,,,109.0,5,,THEVENARD,AUTHE,2026-08-17T17:40:00Z,,,,0.6333333333333333,2,2026-08-28 04:16:15+00:00,2026-08-28 04:21:18+00:00,0.0,0.0,0.0,4.108333333333333,True,False,True,False,True,True,True,3,0.375,True,MYSHIPTRACKING_AIS_TRIAL
IMO_9990703,9990703,563266600,KARLA BULKER,BULK_CARRIER,,UNKNOWN,,,,6.3,154.0,29.0,SG,-23.85173,151.31262,0.0,12.4,15.8,80.0,5,,HIGASHIHARIMA,JPHHR,2026-08-13T08:04:45Z,GLADSTONE,AUGLT,2026-08-26T05:00:00Z,23.766666666666666,2,2026-08-28 04:16:15+00:00,2026-08-28 04:21:18+00:00,0.0,0.0,0.0,21.241666666666667,True,False,True,True,True,True,True,5,0.625,True,MYSHIPTRACKING_AIS_TRIAL
