route_id,origin,destination,vessel_class,cargo_type,assessment_date,observed_route_freight_rate,freight_rate_unit,scenario,current_5tc,scenario_5tc,market_multiplier,scenario_route_freight_rate,distance_nm,distance_source,distance_quality,speed_knots,sea_days,port_days,total_voyage_days,average_dwt,cargo_quantity_mt,bunker_mt_per_day,fuel_consumption_mt,bunker_price_usd_per_mt,bunker_reference_date,bunker_cost_usd,daily_opex_usd,opex_cost_usd,other_voyage_cost_usd,total_voyage_cost_usd,freight_revenue_usd,estimated_profit_usd,economics_status,distance_status,physical_assumptions,market_scaling_assumption,production_ready
0,"Queensland (Gladstone / Hay Point), Australia","Visakhapatnam & Haldia, India",Panamax,coking coal,2008-10-07,47.0,$/mt,bear,41155.0,31606.93405394277,0.7679974256820015,36.095879007054066,4926.710066752748,SEAROUTE,SEAROUTE_CALCULATED,12.0,17.10663217622482,2.0,19.10663217622482,77500.0,73625.0,30.0,513.1989652867446,560.35,2026-08-14,287571.04019842733,12000.0,229279.58611469786,25000.0,541850.6263131252,2657559.0918943556,2115708.4655812304,MVP_SCENARIO_ECONOMICS,SEAROUTE_ESTIMATE,True,True,False
0,"Queensland (Gladstone / Hay Point), Australia","Visakhapatnam & Haldia, India",Panamax,coking coal,2008-10-07,47.0,$/mt,base,41155.0,41155.0,1.0,47.0,4926.710066752748,SEAROUTE,SEAROUTE_CALCULATED,12.0,17.10663217622482,2.0,19.10663217622482,77500.0,73625.0,30.0,513.1989652867446,560.35,2026-08-14,287571.04019842733,12000.0,229279.58611469786,25000.0,541850.6263131252,3460375.0,2918524.3736868748,MVP_SCENARIO_ECONOMICS,SEAROUTE_ESTIMATE,True,True,False
0,"Queensland (Gladstone / Hay Point), Australia","Visakhapatnam & Haldia, India",Panamax,coking coal,2008-10-07,47.0,$/mt,bull,41155.0,58847.10804934665,1.4298896379382007,67.20481298309544,4926.710066752748,SEAROUTE,SEAROUTE_CALCULATED,12.0,17.10663217622482,2.0,19.10663217622482,77500.0,73625.0,30.0,513.1989652867446,560.35,2026-08-14,287571.04019842733,12000.0,229279.58611469786,25000.0,541850.6263131252,4947954.355880401,4406103.729567276,MVP_SCENARIO_ECONOMICS,SEAROUTE_ESTIMATE,True,True,False
1,"Richards Bay, South Africa","Navlakhi, India",Supramax,coal,2020-12-15,19.35,$/mt,bear,41155.0,31606.93405394277,0.7679974256820015,14.86075018694673,3938.9061722773454,SEAROUTE,SEAROUTE_CALCULATED,12.0,13.676757542629671,2.0,15.676757542629671,57500.0,54625.0,30.0,410.30272627889013,560.35,2026-08-14,229913.1326703761,12000.0,188121.09051155605,25000.0,443034.2231819321,811768.4789619651,368734.25578003295,MVP_SCENARIO_ECONOMICS,SEAROUTE_ESTIMATE,True,True,False
1,"Richards Bay, South Africa","Navlakhi, India",Supramax,coal,2020-12-15,19.35,$/mt,base,41155.0,41155.0,1.0,19.35,3938.9061722773454,SEAROUTE,SEAROUTE_CALCULATED,12.0,13.676757542629671,2.0,15.676757542629671,57500.0,54625.0,30.0,410.30272627889013,560.35,2026-08-14,229913.1326703761,12000.0,188121.09051155605,25000.0,443034.2231819321,1056993.75,613959.5268180679,MVP_SCENARIO_ECONOMICS,SEAROUTE_ESTIMATE,True,True,False
1,"Richards Bay, South Africa","Navlakhi, India",Supramax,coal,2020-12-15,19.35,$/mt,bull,41155.0,58847.10804934665,1.4298896379382007,27.668364494104186,3938.9061722773454,SEAROUTE,SEAROUTE_CALCULATED,12.0,13.676757542629671,2.0,15.676757542629671,57500.0,54625.0,30.0,410.30272627889013,560.35,2026-08-14,229913.1326703761,12000.0,188121.09051155605,25000.0,443034.2231819321,1511384.4104904411,1068350.187308509,MVP_SCENARIO_ECONOMICS,SEAROUTE_ESTIMATE,True,True,False
2,"Hay Point, Australia","Paradip, India",Panamax,coking coal,2020-12-15,13.8,$/mt,bear,41155.0,31606.93405394277,0.7679974256820015,10.598364474411621,4899.001585207413,SEAROUTE,SEAROUTE_CALCULATED,12.0,17.010422170859073,2.0,19.010422170859073,77500.0,73625.0,30.0,510.3126651257722,560.35,2026-08-14,285953.70190322644,12000.0,228125.06605030887,25000.0,539078.7679535353,780304.5844285556,241225.81647502026,MVP_SCENARIO_ECONOMICS,SEAROUTE_ESTIMATE,True,True,False
2,"Hay Point, Australia","Paradip, India",Panamax,coking coal,2020-12-15,13.8,$/mt,base,41155.0,41155.0,1.0,13.8,4899.001585207413,SEAROUTE,SEAROUTE_CALCULATED,12.0,17.010422170859073,2.0,19.010422170859073,77500.0,73625.0,30.0,510.3126651257722,560.35,2026-08-14,285953.70190322644,12000.0,228125.06605030887,25000.0,539078.7679535353,1016025.0,476946.2320464647,MVP_SCENARIO_ECONOMICS,SEAROUTE_ESTIMATE,True,True,False
2,"Hay Point, Australia","Paradip, India",Panamax,coking coal,2020-12-15,13.8,$/mt,bull,41155.0,58847.10804934665,1.4298896379382007,19.73247700354717,4899.001585207413,SEAROUTE,SEAROUTE_CALCULATED,12.0,17.010422170859073,2.0,19.010422170859073,77500.0,73625.0,30.0,510.3126651257722,560.35,2026-08-14,285953.70190322644,12000.0,228125.06605030887,25000.0,539078.7679535353,1452803.6193861605,913724.8514326252,MVP_SCENARIO_ECONOMICS,SEAROUTE_ESTIMATE,True,True,False
3,"East Kalimantan, Indonesia","Navlakhi, India",Supramax,coal,2021-08-06,18.45,$/mt,bear,41155.0,31606.93405394277,0.7679974256820015,14.169552503832927,4102.581709223877,SEAROUTE,SEAROUTE_CALCULATED,12.0,14.245075379249572,2.0,16.24507537924957,57500.0,54625.0,30.0,427.35226137748714,560.35,2026-08-14,239466.83966287493,12000.0,194940.90455099483,25000.0,459407.7442138698,774011.8055218736,314604.06130800385,MVP_SCENARIO_ECONOMICS,SEAROUTE_ESTIMATE,True,True,False
3,"East Kalimantan, Indonesia","Navlakhi, India",Supramax,coal,2021-08-06,18.45,$/mt,base,41155.0,41155.0,1.0,18.45,4102.581709223877,SEAROUTE,SEAROUTE_CALCULATED,12.0,14.245075379249572,2.0,16.24507537924957,57500.0,54625.0,30.0,427.35226137748714,560.35,2026-08-14,239466.83966287493,12000.0,194940.90455099483,25000.0,459407.7442138698,1007831.25,548423.5057861302,MVP_SCENARIO_ECONOMICS,SEAROUTE_ESTIMATE,True,True,False
3,"East Kalimantan, Indonesia","Navlakhi, India",Supramax,coal,2021-08-06,18.45,$/mt,bull,41155.0,58847.10804934665,1.4298896379382007,26.3814638199598,4102.581709223877,SEAROUTE,SEAROUTE_CALCULATED,12.0,14.245075379249572,2.0,16.24507537924957,57500.0,54625.0,30.0,427.35226137748714,560.35,2026-08-14,239466.83966287493,12000.0,194940.90455099483,25000.0,459407.7442138698,1441087.461165304,981679.7169514343,MVP_SCENARIO_ECONOMICS,SEAROUTE_ESTIMATE,True,True,False
4,"Hay Point, Australia","Visakhapatnam, India",Panamax,metallurgical coal,2021-08-06,23.3,$/mt,bear,41155.0,31606.93405394277,0.7679974256820015,17.894340018390636,4926.710066752748,SEAROUTE,SEAROUTE_CALCULATED,12.0,17.10663217622482,2.0,19.10663217622482,77500.0,73625.0,30.0,513.1989652867446,560.35,2026-08-14,287571.04019842733,12000.0,229279.58611469786,25000.0,541850.6263131252,1317470.7838540105,775620.1575408853,MVP_SCENARIO_ECONOMICS,SEAROUTE_ESTIMATE,True,True,False
4,"Hay Point, Australia","Visakhapatnam, India",Panamax,metallurgical coal,2021-08-06,23.3,$/mt,base,41155.0,41155.0,1.0,23.3,4926.710066752748,SEAROUTE,SEAROUTE_CALCULATED,12.0,17.10663217622482,2.0,19.10663217622482,77500.0,73625.0,30.0,513.1989652867446,560.35,2026-08-14,287571.04019842733,12000.0,229279.58611469786,25000.0,541850.6263131252,1715462.5,1173611.8736868748,MVP_SCENARIO_ECONOMICS,SEAROUTE_ESTIMATE,True,True,False
4,"Hay Point, Australia","Visakhapatnam, India",Panamax,metallurgical coal,2021-08-06,23.3,$/mt,bull,41155.0,58847.10804934665,1.4298896379382007,33.31642856396007,4926.710066752748,SEAROUTE,SEAROUTE_CALCULATED,12.0,17.10663217622482,2.0,19.10663217622482,77500.0,73625.0,30.0,513.1989652867446,560.35,2026-08-14,287571.04019842733,12000.0,229279.58611469786,25000.0,541850.6263131252,2452922.0530215604,1911071.4267084352,MVP_SCENARIO_ECONOMICS,SEAROUTE_ESTIMATE,True,True,False
5,"Hay Point, Australia","Paradip, India",Panamax,metallurgical coal,2021-08-12,21.1,$/mt,bear,41155.0,31606.93405394277,0.7679974256820015,16.20474568189023,4899.001585207413,SEAROUTE,SEAROUTE_CALCULATED,12.0,17.010422170859073,2.0,19.010422170859073,77500.0,73625.0,30.0,510.3126651257722,560.35,2026-08-14,285953.70190322644,12000.0,228125.06605030887,25000.0,539078.7679535353,1193074.4008291683,653995.632875633,MVP_SCENARIO_ECONOMICS,SEAROUTE_ESTIMATE,True,True,False
5,"Hay Point, Australia","Paradip, India",Panamax,metallurgical coal,2021-08-12,21.1,$/mt,base,41155.0,41155.0,1.0,21.1,4899.001585207413,SEAROUTE,SEAROUTE_CALCULATED,12.0,17.010422170859073,2.0,19.010422170859073,77500.0,73625.0,30.0,510.3126651257722,560.35,2026-08-14,285953.70190322644,12000.0,228125.06605030887,25000.0,539078.7679535353,1553487.5,1014408.7320464647,MVP_SCENARIO_ECONOMICS,SEAROUTE_ESTIMATE,True,True,False
5,"Hay Point, Australia","Paradip, India",Panamax,metallurgical coal,2021-08-12,21.1,$/mt,bull,41155.0,58847.10804934665,1.4298896379382007,30.170671360496037,4899.001585207413,SEAROUTE,SEAROUTE_CALCULATED,12.0,17.010422170859073,2.0,19.010422170859073,77500.0,73625.0,30.0,510.3126651257722,560.35,2026-08-14,285953.70190322644,12000.0,228125.06605030887,25000.0,539078.7679535353,2221315.678916521,1682236.9109629856,MVP_SCENARIO_ECONOMICS,SEAROUTE_ESTIMATE,True,True,False
6,"Banjarmasin (South Kalimantan), Indonesia","Krishnapatnam, India",Panamax,thermal coal,2021-08-12,11.8,$/mt,bear,41155.0,31606.93405394277,0.7679974256820015,9.062369623047617,2408.301246605427,SEAROUTE,SEAROUTE_CALCULATED,12.0,8.362157106268844,2.0,10.362157106268844,77500.0,73625.0,30.0,250.86471318806534,560.35,2026-08-14,140572.0420349324,12000.0,124345.88527522613,25000.0,289917.92731015856,667216.9634968808,377299.0361867223,MVP_SCENARIO_ECONOMICS,SEAROUTE_ESTIMATE,True,True,False
6,"Banjarmasin (South Kalimantan), Indonesia","Krishnapatnam, India",Panamax,thermal coal,2021-08-12,11.8,$/mt,base,41155.0,41155.0,1.0,11.8,2408.301246605427,SEAROUTE,SEAROUTE_CALCULATED,12.0,8.362157106268844,2.0,10.362157106268844,77500.0,73625.0,30.0,250.86471318806534,560.35,2026-08-14,140572.0420349324,12000.0,124345.88527522613,25000.0,289917.92731015856,868775.0,578857.0726898415,MVP_SCENARIO_ECONOMICS,SEAROUTE_ESTIMATE,True,True,False
6,"Banjarmasin (South Kalimantan), Indonesia","Krishnapatnam, India",Panamax,thermal coal,2021-08-12,11.8,$/mt,bull,41155.0,58847.10804934665,1.4298896379382007,16.87269772767077,2408.301246605427,SEAROUTE,SEAROUTE_CALCULATED,12.0,8.362157106268844,2.0,10.362157106268844,77500.0,73625.0,30.0,250.86471318806534,560.35,2026-08-14,140572.0420349324,12000.0,124345.88527522613,25000.0,289917.92731015856,1242252.3701997604,952334.4428896019,MVP_SCENARIO_ECONOMICS,SEAROUTE_ESTIMATE,True,True,False
7,"East Kalimantan, Indonesia","Paradip, India",Supramax,coal,2021-08-12,16.05,$/mt,bear,41155.0,31606.93405394277,0.7679974256820015,12.326358682196124,2752.598463285374,SEAROUTE,SEAROUTE_CALCULATED,12.0,9.557633553074215,2.0,11.557633553074215,57500.0,54625.0,30.0,286.7290065922264,560.35,2026-08-14,160668.5988439541,12000.0,138691.60263689057,25000.0,324360.20148084464,673327.3430149633,348967.1415341187,MVP_SCENARIO_ECONOMICS,SEAROUTE_ESTIMATE,True,True,False
7,"East Kalimantan, Indonesia","Paradip, India",Supramax,coal,2021-08-12,16.05,$/mt,base,41155.0,41155.0,1.0,16.05,2752.598463285374,SEAROUTE,SEAROUTE_CALCULATED,12.0,9.557633553074215,2.0,11.557633553074215,57500.0,54625.0,30.0,286.7290065922264,560.35,2026-08-14,160668.5988439541,12000.0,138691.60263689057,25000.0,324360.20148084464,876731.25,552371.0485191554,MVP_SCENARIO_ECONOMICS,SEAROUTE_ESTIMATE,True,True,False
7,"East Kalimantan, Indonesia","Paradip, India",Supramax,coal,2021-08-12,16.05,$/mt,bull,41155.0,58847.10804934665,1.4298896379382007,22.94972868890812,2752.598463285374,SEAROUTE,SEAROUTE_CALCULATED,12.0,9.557633553074215,2.0,11.557633553074215,57500.0,54625.0,30.0,286.7290065922264,560.35,2026-08-14,160668.5988439541,12000.0,138691.60263689057,25000.0,324360.20148084464,1253628.929631606,929268.7281507613,MVP_SCENARIO_ECONOMICS,SEAROUTE_ESTIMATE,True,True,False
8,"Banjarmasin (South Kalimantan), Indonesia","Dahej, India",Panamax,thermal coal,2021-08-12,13.1,$/mt,bear,41155.0,31606.93405394277,0.7679974256820015,10.060766276434219,3443.2178891213243,SEAROUTE,SEAROUTE_CALCULATED,12.0,11.955617670560153,2.0,13.955617670560153,77500.0,73625.0,30.0,358.6685301168046,560.35,2026-08-14,200979.91085095148,12000.0,167467.41204672185,25000.0,393447.32289767335,740723.9171024694,347276.594204796,MVP_SCENARIO_ECONOMICS,SEAROUTE_ESTIMATE,True,True,False
8,"Banjarmasin (South Kalimantan), Indonesia","Dahej, India",Panamax,thermal coal,2021-08-12,13.1,$/mt,base,41155.0,41155.0,1.0,13.1,3443.2178891213243,SEAROUTE,SEAROUTE_CALCULATED,12.0,11.955617670560153,2.0,13.955617670560153,77500.0,73625.0,30.0,358.6685301168046,560.35,2026-08-14,200979.91085095148,12000.0,167467.41204672185,25000.0,393447.32289767335,964487.5,571040.1771023266,MVP_SCENARIO_ECONOMICS,SEAROUTE_ESTIMATE,True,True,False
8,"Banjarmasin (South Kalimantan), Indonesia","Dahej, India",Panamax,thermal coal,2021-08-12,13.1,$/mt,bull,41155.0,58847.10804934665,1.4298896379382007,18.731554256990428,3443.2178891213243,SEAROUTE,SEAROUTE_CALCULATED,12.0,11.955617670560153,2.0,13.955617670560153,77500.0,73625.0,30.0,358.6685301168046,560.35,2026-08-14,200979.91085095148,12000.0,167467.41204672185,25000.0,393447.32289767335,1379110.6821709203,985663.359273247,MVP_SCENARIO_ECONOMICS,SEAROUTE_ESTIMATE,True,True,False
9,"Richards Bay, South Africa","Paradip, India",Panamax,thermal coal,2021-08-12,18.6,$/mt,bear,41155.0,31606.93405394277,0.7679974256820015,14.284752117685228,4667.806005082153,SEAROUTE,SEAROUTE_CALCULATED,12.0,16.20765973986859,2.0,18.20765973986859,77500.0,73625.0,30.0,486.2297921960577,560.35,2026-08-14,272458.864057061,12000.0,218491.91687842307,25000.0,515950.78093548404,1051714.8746645749,535764.0937290909,MVP_SCENARIO_ECONOMICS,SEAROUTE_ESTIMATE,True,True,False
9,"Richards Bay, South Africa","Paradip, India",Panamax,thermal coal,2021-08-12,18.6,$/mt,base,41155.0,41155.0,1.0,18.6,4667.806005082153,SEAROUTE,SEAROUTE_CALCULATED,12.0,16.20765973986859,2.0,18.20765973986859,77500.0,73625.0,30.0,486.2297921960577,560.35,2026-08-14,272458.864057061,12000.0,218491.91687842307,25000.0,515950.78093548404,1369425.0,853474.219064516,MVP_SCENARIO_ECONOMICS,SEAROUTE_ESTIMATE,True,True,False
9,"Richards Bay, South Africa","Paradip, India",Panamax,thermal coal,2021-08-12,18.6,$/mt,bull,41155.0,58847.10804934665,1.4298896379382007,26.595947265650533,4667.806005082153,SEAROUTE,SEAROUTE_CALCULATED,12.0,16.20765973986859,2.0,18.20765973986859,77500.0,73625.0,30.0,486.2297921960577,560.35,2026-08-14,272458.864057061,12000.0,218491.91687842307,25000.0,515950.78093548404,1958126.6174335205,1442175.8364980365,MVP_SCENARIO_ECONOMICS,SEAROUTE_ESTIMATE,True,True,False
10,Indonesia,"Paradip, India",Supramax,thermal coal,2022-02-09,21.3,$/mt,bear,41155.0,31606.93405394277,0.7679974256820015,16.35834516702663,2579.0639841663437,SEAROUTE,SEAROUTE_CALCULATED,12.0,8.95508327835536,2.0,10.95508327835536,57500.0,54625.0,30.0,268.65249835066084,560.35,2026-08-14,150539.4274507928,12000.0,131460.99934026433,25000.0,307000.4267910571,893574.6047488297,586574.1779577726,MVP_SCENARIO_ECONOMICS,SEAROUTE_ESTIMATE,True,True,False
10,Indonesia,"Paradip, India",Supramax,thermal coal,2022-02-09,21.3,$/mt,base,41155.0,41155.0,1.0,21.3,2579.0639841663437,SEAROUTE,SEAROUTE_CALCULATED,12.0,8.95508327835536,2.0,10.95508327835536,57500.0,54625.0,30.0,268.65249835066084,560.35,2026-08-14,150539.4274507928,12000.0,131460.99934026433,25000.0,307000.4267910571,1163512.5,856512.0732089429,MVP_SCENARIO_ECONOMICS,SEAROUTE_ESTIMATE,True,True,False
10,Indonesia,"Paradip, India",Supramax,thermal coal,2022-02-09,21.3,$/mt,bull,41155.0,58847.10804934665,1.4298896379382007,30.456649288083675,2579.0639841663437,SEAROUTE,SEAROUTE_CALCULATED,12.0,8.95508327835536,2.0,10.95508327835536,57500.0,54625.0,30.0,268.65249835066084,560.35,2026-08-14,150539.4274507928,12000.0,131460.99934026433,25000.0,307000.4267910571,1663694.4673615708,1356694.0405705138,MVP_SCENARIO_ECONOMICS,SEAROUTE_ESTIMATE,True,True,False
11,"Hay Point, Australia","Visakhapatnam, India",Panamax,coal,2022-04-28,27.85,$/mt,bear,41155.0,31606.93405394277,0.7679974256820015,21.388728305243742,4926.710066752748,SEAROUTE,SEAROUTE_CALCULATED,12.0,17.10663217622482,2.0,19.10663217622482,77500.0,73625.0,30.0,513.1989652867446,560.35,2026-08-14,287571.04019842733,12000.0,229279.58611469786,25000.0,541850.6263131252,1574745.1214735706,1032894.4951604453,MVP_SCENARIO_ECONOMICS,SEAROUTE_ESTIMATE,True,True,False
11,"Hay Point, Australia","Visakhapatnam, India",Panamax,coal,2022-04-28,27.85,$/mt,base,41155.0,41155.0,1.0,27.85,4926.710066752748,SEAROUTE,SEAROUTE_CALCULATED,12.0,17.10663217622482,2.0,19.10663217622482,77500.0,73625.0,30.0,513.1989652867446,560.35,2026-08-14,287571.04019842733,12000.0,229279.58611469786,25000.0,541850.6263131252,2050456.25,1508605.6236868748,MVP_SCENARIO_ECONOMICS,SEAROUTE_ESTIMATE,True,True,False
11,"Hay Point, Australia","Visakhapatnam, India",Panamax,coal,2022-04-28,27.85,$/mt,bull,41155.0,58847.10804934665,1.4298896379382007,39.82242641657889,4926.710066752748,SEAROUTE,SEAROUTE_CALCULATED,12.0,17.10663217622482,2.0,19.10663217622482,77500.0,73625.0,30.0,513.1989652867446,560.35,2026-08-14,287571.04019842733,12000.0,229279.58611469786,25000.0,541850.6263131252,2931926.144920621,2390075.518607496,MVP_SCENARIO_ECONOMICS,SEAROUTE_ESTIMATE,True,True,False
12,Mozambique (Beira / Maputo),East Coast India,Handysize,coking coal,2022-06-17,43.75,$/mt,bear,41155.0,31606.93405394277,0.7679974256820015,33.59988737358756,4601.384016575973,SEAROUTE,SEAROUTE_CALCULATED,12.0,15.977027835333239,2.0,17.97702783533324,,,30.0,479.31083505999715,560.35,2026-08-14,268581.8264258694,12000.0,215724.33402399888,25000.0,509306.1604498683,,,MVP_SCENARIO_ECONOMICS,SEAROUTE_ESTIMATE,True,True,False
12,Mozambique (Beira / Maputo),East Coast India,Handysize,coking coal,2022-06-17,43.75,$/mt,base,41155.0,41155.0,1.0,43.75,4601.384016575973,SEAROUTE,SEAROUTE_CALCULATED,12.0,15.977027835333239,2.0,17.97702783533324,,,30.0,479.31083505999715,560.35,2026-08-14,268581.8264258694,12000.0,215724.33402399888,25000.0,509306.1604498683,,,MVP_SCENARIO_ECONOMICS,SEAROUTE_ESTIMATE,True,True,False
12,Mozambique (Beira / Maputo),East Coast India,Handysize,coking coal,2022-06-17,43.75,$/mt,bull,41155.0,58847.10804934665,1.4298896379382007,62.55767165979628,4601.384016575973,SEAROUTE,SEAROUTE_CALCULATED,12.0,15.977027835333239,2.0,17.97702783533324,,,30.0,479.31083505999715,560.35,2026-08-14,268581.8264258694,12000.0,215724.33402399888,25000.0,509306.1604498683,,,MVP_SCENARIO_ECONOMICS,SEAROUTE_ESTIMATE,True,True,False
13,"Adang Bay (East Kalimantan), Indonesia","Kandla, India",Supramax,steam coal,2022-08-04,26.5,$/mt,bear,41155.0,31606.93405394277,0.7679974256820015,20.35193178057304,3925.9038662092103,SEAROUTE,SEAROUTE_CALCULATED,12.0,13.631610646559757,2.0,15.631610646559757,57500.0,54625.0,30.0,408.9483193967927,560.35,2026-08-14,229154.1907739928,12000.0,187579.3277587171,25000.0,441733.5185327099,1111724.2735138023,669990.7549810924,MVP_SCENARIO_ECONOMICS,SEAROUTE_ESTIMATE,True,True,False
13,"Adang Bay (East Kalimantan), Indonesia","Kandla, India",Supramax,steam coal,2022-08-04,26.5,$/mt,base,41155.0,41155.0,1.0,26.5,3925.9038662092103,SEAROUTE,SEAROUTE_CALCULATED,12.0,13.631610646559757,2.0,15.631610646559757,57500.0,54625.0,30.0,408.9483193967927,560.35,2026-08-14,229154.1907739928,12000.0,187579.3277587171,25000.0,441733.5185327099,1447562.5,1005828.9814672901,MVP_SCENARIO_ECONOMICS,SEAROUTE_ESTIMATE,True,True,False
13,"Adang Bay (East Kalimantan), Indonesia","Kandla, India",Supramax,steam coal,2022-08-04,26.5,$/mt,bull,41155.0,58847.10804934665,1.4298896379382007,37.89207540536232,3925.9038662092103,SEAROUTE,SEAROUTE_CALCULATED,12.0,13.631610646559757,2.0,15.631610646559757,57500.0,54625.0,30.0,408.9483193967927,560.35,2026-08-14,229154.1907739928,12000.0,187579.3277587171,25000.0,441733.5185327099,2069854.6190179167,1628121.1004852068,MVP_SCENARIO_ECONOMICS,SEAROUTE_ESTIMATE,True,True,False
14,"East Kalimantan, Indonesia","Paradip, India",Supramax,thermal coal,2024-04-01,15.0,$/mt,bear,41155.0,31606.93405394277,0.7679974256820015,11.519961385230022,2752.598463285374,SEAROUTE,SEAROUTE_CALCULATED,12.0,9.557633553074215,2.0,11.557633553074215,57500.0,54625.0,30.0,286.7290065922264,560.35,2026-08-14,160668.5988439541,12000.0,138691.60263689057,25000.0,324360.20148084464,629277.89066819,304917.6891873453,MVP_SCENARIO_ECONOMICS,SEAROUTE_ESTIMATE,True,True,False
14,"East Kalimantan, Indonesia","Paradip, India",Supramax,thermal coal,2024-04-01,15.0,$/mt,base,41155.0,41155.0,1.0,15.0,2752.598463285374,SEAROUTE,SEAROUTE_CALCULATED,12.0,9.557633553074215,2.0,11.557633553074215,57500.0,54625.0,30.0,286.7290065922264,560.35,2026-08-14,160668.5988439541,12000.0,138691.60263689057,25000.0,324360.20148084464,819375.0,495014.79851915536,MVP_SCENARIO_ECONOMICS,SEAROUTE_ESTIMATE,True,True,False
14,"East Kalimantan, Indonesia","Paradip, India",Supramax,thermal coal,2024-04-01,15.0,$/mt,bull,41155.0,58847.10804934665,1.4298896379382007,21.44834456907301,2752.598463285374,SEAROUTE,SEAROUTE_CALCULATED,12.0,9.557633553074215,2.0,11.557633553074215,57500.0,54625.0,30.0,286.7290065922264,560.35,2026-08-14,160668.5988439541,12000.0,138691.60263689057,25000.0,324360.20148084464,1171615.8220856132,847255.6206047685,MVP_SCENARIO_ECONOMICS,SEAROUTE_ESTIMATE,True,True,False
15,Atlantic / Black Sea ports (Taman / Ust-Luga proxy),"Visakhapatnam, India",Panamax,coal,2024-07-04,19.5,$/mt,bear,41155.0,31606.93405394277,0.7679974256820015,14.975949800799029,5565.87430627969,SEAROUTE,SEAROUTE_CALCULATED,12.0,19.325952452360035,2.0,21.325952452360035,77500.0,73625.0,30.0,579.7785735708011,560.35,2026-08-14,324878.9237003984,12000.0,255911.4294283204,25000.0,605790.3531287188,1102604.3040838286,496813.9509551098,MVP_SCENARIO_ECONOMICS,SEAROUTE_ESTIMATE,True,True,False
15,Atlantic / Black Sea ports (Taman / Ust-Luga proxy),"Visakhapatnam, India",Panamax,coal,2024-07-04,19.5,$/mt,base,41155.0,41155.0,1.0,19.5,5565.87430627969,SEAROUTE,SEAROUTE_CALCULATED,12.0,19.325952452360035,2.0,21.325952452360035,77500.0,73625.0,30.0,579.7785735708011,560.35,2026-08-14,324878.9237003984,12000.0,255911.4294283204,25000.0,605790.3531287188,1435687.5,829897.1468712812,MVP_SCENARIO_ECONOMICS,SEAROUTE_ESTIMATE,True,True,False
15,Atlantic / Black Sea ports (Taman / Ust-Luga proxy),"Visakhapatnam, India",Panamax,coal,2024-07-04,19.5,$/mt,bull,41155.0,58847.10804934665,1.4298896379382007,27.882847939794914,5565.87430627969,SEAROUTE,SEAROUTE_CALCULATED,12.0,19.325952452360035,2.0,21.325952452360035,77500.0,73625.0,30.0,579.7785735708011,560.35,2026-08-14,324878.9237003984,12000.0,255911.4294283204,25000.0,605790.3531287188,2052874.6795674006,1447084.3264386817,MVP_SCENARIO_ECONOMICS,SEAROUTE_ESTIMATE,True,True,False
16,"Richards Bay, South Africa","Gangavaram, India",Capesize,coal,2024-10-25,14.0,$/mt,bear,41155.0,31606.93405394277,0.7679974256820015,10.751963959548021,4164.634114888308,SEAROUTE,SEAROUTE_CALCULATED,12.0,14.46053512113996,2.0,16.460535121139962,175000.0,166250.0,30.0,433.8160536341988,560.35,2026-08-14,243088.8256539233,12000.0,197526.42145367953,25000.0,465615.24710760283,1787514.0082748586,1321898.7611672557,MVP_SCENARIO_ECONOMICS,SEAROUTE_ESTIMATE,True,True,False
16,"Richards Bay, South Africa","Gangavaram, India",Capesize,coal,2024-10-25,14.0,$/mt,base,41155.0,41155.0,1.0,14.0,4164.634114888308,SEAROUTE,SEAROUTE_CALCULATED,12.0,14.46053512113996,2.0,16.460535121139962,175000.0,166250.0,30.0,433.8160536341988,560.35,2026-08-14,243088.8256539233,12000.0,197526.42145367953,25000.0,465615.24710760283,2327500.0,1861884.752892397,MVP_SCENARIO_ECONOMICS,SEAROUTE_ESTIMATE,True,True,False
16,"Richards Bay, South Africa","Gangavaram, India",Capesize,coal,2024-10-25,14.0,$/mt,bull,41155.0,58847.10804934665,1.4298896379382007,20.01845493113481,4164.634114888308,SEAROUTE,SEAROUTE_CALCULATED,12.0,14.46053512113996,2.0,16.460535121139962,175000.0,166250.0,30.0,433.8160536341988,560.35,2026-08-14,243088.8256539233,12000.0,197526.42145367953,25000.0,465615.24710760283,3328068.132301162,2862452.8851935593,MVP_SCENARIO_ECONOMICS,SEAROUTE_ESTIMATE,True,True,False
17,"Queensland, Australia","Haldia, India",Panamax,coking coal,2025-02-21,20.3,$/mt,bear,41155.0,31606.93405394277,0.7679974256820015,15.59034774134463,4732.350582884308,SEAROUTE,SEAROUTE_CALCULATED,12.0,16.43177285723718,2.0,18.43177285723718,77500.0,73625.0,30.0,492.95318571711545,560.35,2026-08-14,276226.31761658564,12000.0,221181.27428684616,25000.0,522407.5919034318,1147839.3524564984,625431.7605530666,MVP_SCENARIO_ECONOMICS,SEAROUTE_ESTIMATE,True,True,False
17,"Queensland, Australia","Haldia, India",Panamax,coking coal,2025-02-21,20.3,$/mt,base,41155.0,41155.0,1.0,20.3,4732.350582884308,SEAROUTE,SEAROUTE_CALCULATED,12.0,16.43177285723718,2.0,18.43177285723718,77500.0,73625.0,30.0,492.95318571711545,560.35,2026-08-14,276226.31761658564,12000.0,221181.27428684616,25000.0,522407.5919034318,1494587.5,972179.9080965682,MVP_SCENARIO_ECONOMICS,SEAROUTE_ESTIMATE,True,True,False
17,"Queensland, Australia","Haldia, India",Panamax,coking coal,2025-02-21,20.3,$/mt,bull,41155.0,58847.10804934665,1.4298896379382007,29.026759650145475,4732.350582884308,SEAROUTE,SEAROUTE_CALCULATED,12.0,16.43177285723718,2.0,18.43177285723718,77500.0,73625.0,30.0,492.95318571711545,560.35,2026-08-14,276226.31761658564,12000.0,221181.27428684616,25000.0,522407.5919034318,2137095.1792419604,1614687.5873385286,MVP_SCENARIO_ECONOMICS,SEAROUTE_ESTIMATE,True,True,False
18,"Richards Bay, South Africa","Haldia, India",Panamax,coking / thermal coal,2025-02-21,12.8,$/mt,bear,41155.0,31606.93405394277,0.7679974256820015,9.83036704872962,4736.344187320068,SEAROUTE,SEAROUTE_CALCULATED,12.0,16.44563953930579,2.0,18.44563953930579,77500.0,73625.0,30.0,493.3691861791737,560.35,2026-08-14,276459.4234755,12000.0,221347.67447166948,25000.0,522807.0979471695,723760.7739627183,200953.67601554882,MVP_SCENARIO_ECONOMICS,SEAROUTE_ESTIMATE,True,True,False
18,"Richards Bay, South Africa","Haldia, India",Panamax,coking / thermal coal,2025-02-21,12.8,$/mt,base,41155.0,41155.0,1.0,12.8,4736.344187320068,SEAROUTE,SEAROUTE_CALCULATED,12.0,16.44563953930579,2.0,18.44563953930579,77500.0,73625.0,30.0,493.3691861791737,560.35,2026-08-14,276459.4234755,12000.0,221347.67447166948,25000.0,522807.0979471695,942400.0,419592.9020528305,MVP_SCENARIO_ECONOMICS,SEAROUTE_ESTIMATE,True,True,False
18,"Richards Bay, South Africa","Haldia, India",Panamax,coking / thermal coal,2025-02-21,12.8,$/mt,bull,41155.0,58847.10804934665,1.4298896379382007,18.302587365608968,4736.344187320068,SEAROUTE,SEAROUTE_CALCULATED,12.0,16.44563953930579,2.0,18.44563953930579,77500.0,73625.0,30.0,493.3691861791737,560.35,2026-08-14,276459.4234755,12000.0,221347.67447166948,25000.0,522807.0979471695,1347527.9947929604,824720.8968457908,MVP_SCENARIO_ECONOMICS,SEAROUTE_ESTIMATE,True,True,False
19,"Richards Bay, South Africa","Kandla, India",Capesize,coal,2026-04-20,17.45,$/mt,bear,41155.0,31606.93405394277,0.7679974256820015,13.401555078150926,3938.9061722773454,SEAROUTE,SEAROUTE_CALCULATED,12.0,13.676757542629671,2.0,15.676757542629671,175000.0,166250.0,30.0,410.30272627889013,560.35,2026-08-14,229913.1326703761,12000.0,188121.09051155605,25000.0,443034.2231819321,2228008.5317425914,1784974.3085606592,MVP_SCENARIO_ECONOMICS,SEAROUTE_ESTIMATE,True,True,False
19,"Richards Bay, South Africa","Kandla, India",Capesize,coal,2026-04-20,17.45,$/mt,base,41155.0,41155.0,1.0,17.45,3938.9061722773454,SEAROUTE,SEAROUTE_CALCULATED,12.0,13.676757542629671,2.0,15.676757542629671,175000.0,166250.0,30.0,410.30272627889013,560.35,2026-08-14,229913.1326703761,12000.0,188121.09051155605,25000.0,443034.2231819321,2901062.5,2458028.2768180678,MVP_SCENARIO_ECONOMICS,SEAROUTE_ESTIMATE,True,True,False
19,"Richards Bay, South Africa","Kandla, India",Capesize,coal,2026-04-20,17.45,$/mt,bull,41155.0,58847.10804934665,1.4298896379382007,24.951574182021602,3938.9061722773454,SEAROUTE,SEAROUTE_CALCULATED,12.0,13.676757542629671,2.0,15.676757542629671,175000.0,166250.0,30.0,410.30272627889013,560.35,2026-08-14,229913.1326703761,12000.0,188121.09051155605,25000.0,443034.2231819321,4148199.207761091,3705164.984579159,MVP_SCENARIO_ECONOMICS,SEAROUTE_ESTIMATE,True,True,False
20,East Coast Australia,East Coast India,Panamax,coal,2026-04-20,17.7,$/mt,bear,41155.0,31606.93405394277,0.7679974256820015,13.593554434571425,5329.775100266468,SEAROUTE,SEAROUTE_CALCULATED,12.0,18.506163542591903,2.0,20.506163542591903,77500.0,73625.0,30.0,555.1849062777571,560.35,2026-08-14,311097.8622327412,12000.0,246073.96251110284,25000.0,582171.8247438441,1000825.4452453211,418653.62050147704,MVP_SCENARIO_ECONOMICS,SEAROUTE_ESTIMATE,True,True,False
20,East Coast Australia,East Coast India,Panamax,coal,2026-04-20,17.7,$/mt,base,41155.0,41155.0,1.0,17.7,5329.775100266468,SEAROUTE,SEAROUTE_CALCULATED,12.0,18.506163542591903,2.0,20.506163542591903,77500.0,73625.0,30.0,555.1849062777571,560.35,2026-08-14,311097.8622327412,12000.0,246073.96251110284,25000.0,582171.8247438441,1303162.5,720990.6752561559,MVP_SCENARIO_ECONOMICS,SEAROUTE_ESTIMATE,True,True,False
20,East Coast Australia,East Coast India,Panamax,coal,2026-04-20,17.7,$/mt,bull,41155.0,58847.10804934665,1.4298896379382007,25.30904659150615,5329.775100266468,SEAROUTE,SEAROUTE_CALCULATED,12.0,18.506163542591903,2.0,20.506163542591903,77500.0,73625.0,30.0,555.1849062777571,560.35,2026-08-14,311097.8622327412,12000.0,246073.96251110284,25000.0,582171.8247438441,1863378.5552996402,1281206.730555796,MVP_SCENARIO_ECONOMICS,SEAROUTE_ESTIMATE,True,True,False
21,Indonesia,East Coast India,Panamax,coal,2026-04-20,11.2,$/mt,bear,41155.0,31606.93405394277,0.7679974256820015,8.601571167638415,2579.0639841663437,SEAROUTE,SEAROUTE_CALCULATED,12.0,8.95508327835536,2.0,10.95508327835536,77500.0,73625.0,30.0,268.65249835066084,560.35,2026-08-14,150539.4274507928,12000.0,131460.99934026433,25000.0,307000.4267910571,633290.6772173783,326290.2504263212,MVP_SCENARIO_ECONOMICS,SEAROUTE_ESTIMATE,True,True,False
21,Indonesia,East Coast India,Panamax,coal,2026-04-20,11.2,$/mt,base,41155.0,41155.0,1.0,11.2,2579.0639841663437,SEAROUTE,SEAROUTE_CALCULATED,12.0,8.95508327835536,2.0,10.95508327835536,77500.0,73625.0,30.0,268.65249835066084,560.35,2026-08-14,150539.4274507928,12000.0,131460.99934026433,25000.0,307000.4267910571,824600.0,517599.5732089429,MVP_SCENARIO_ECONOMICS,SEAROUTE_ESTIMATE,True,True,False
21,Indonesia,East Coast India,Panamax,coal,2026-04-20,11.2,$/mt,bull,41155.0,58847.10804934665,1.4298896379382007,16.01476394490785,2579.0639841663437,SEAROUTE,SEAROUTE_CALCULATED,12.0,8.95508327835536,2.0,10.95508327835536,77500.0,73625.0,30.0,268.65249835066084,560.35,2026-08-14,150539.4274507928,12000.0,131460.99934026433,25000.0,307000.4267910571,1179086.9954438403,872086.5686527832,MVP_SCENARIO_ECONOMICS,SEAROUTE_ESTIMATE,True,True,False
22,Indonesia,West Coast India,Panamax,coal,2026-04-20,12.85,$/mt,bear,41155.0,31606.93405394277,0.7679974256820015,9.86876692001372,3929.0472301048458,SEAROUTE,SEAROUTE_CALCULATED,12.0,13.642525104530714,2.0,15.642525104530714,77500.0,73625.0,30.0,409.27575313592143,560.35,2026-08-14,229337.66826971358,12000.0,187710.30125436856,25000.0,442047.96952408215,726587.9644860101,284539.994961928,MVP_SCENARIO_ECONOMICS,SEAROUTE_ESTIMATE,True,True,False
22,Indonesia,West Coast India,Panamax,coal,2026-04-20,12.85,$/mt,base,41155.0,41155.0,1.0,12.85,3929.0472301048458,SEAROUTE,SEAROUTE_CALCULATED,12.0,13.642525104530714,2.0,15.642525104530714,77500.0,73625.0,30.0,409.27575313592143,560.35,2026-08-14,229337.66826971358,12000.0,187710.30125436856,25000.0,442047.96952408215,946081.25,504033.28047591785,MVP_SCENARIO_ECONOMICS,SEAROUTE_ESTIMATE,True,True,False
22,Indonesia,West Coast India,Panamax,coal,2026-04-20,12.85,$/mt,bull,41155.0,58847.10804934665,1.4298896379382007,18.374081847505877,3929.0472301048458,SEAROUTE,SEAROUTE_CALCULATED,12.0,13.642525104530714,2.0,15.642525104530714,77500.0,73625.0,30.0,409.27575313592143,560.35,2026-08-14,229337.66826971358,12000.0,187710.30125436856,25000.0,442047.96952408215,1352791.7760226203,910743.8064985381,MVP_SCENARIO_ECONOMICS,SEAROUTE_ESTIMATE,True,True,False
23,"Richards Bay, South Africa","Krishnapatnam, India",Capesize,coal,2026-04-20,19.55,$/mt,bear,41155.0,31606.93405394277,0.7679974256820015,15.01434967208313,4164.634114888308,SEAROUTE,SEAROUTE_CALCULATED,12.0,14.46053512113996,2.0,16.460535121139962,175000.0,166250.0,30.0,433.8160536341988,560.35,2026-08-14,243088.8256539233,12000.0,197526.42145367953,25000.0,465615.24710760283,2496135.6329838205,2030520.3858762176,MVP_SCENARIO_ECONOMICS,SEAROUTE_ESTIMATE,True,True,False
23,"Richards Bay, South Africa","Krishnapatnam, India",Capesize,coal,2026-04-20,19.55,$/mt,base,41155.0,41155.0,1.0,19.55,4164.634114888308,SEAROUTE,SEAROUTE_CALCULATED,12.0,14.46053512113996,2.0,16.460535121139962,175000.0,166250.0,30.0,433.8160536341988,560.35,2026-08-14,243088.8256539233,12000.0,197526.42145367953,25000.0,465615.24710760283,3250187.5,2784572.2528923973,MVP_SCENARIO_ECONOMICS,SEAROUTE_ESTIMATE,True,True,False
23,"Richards Bay, South Africa","Krishnapatnam, India",Capesize,coal,2026-04-20,19.55,$/mt,bull,41155.0,58847.10804934665,1.4298896379382007,27.954342421691823,4164.634114888308,SEAROUTE,SEAROUTE_CALCULATED,12.0,14.46053512113996,2.0,16.460535121139962,175000.0,166250.0,30.0,433.8160536341988,560.35,2026-08-14,243088.8256539233,12000.0,197526.42145367953,25000.0,465615.24710760283,4647409.427606266,4181794.1804986633,MVP_SCENARIO_ECONOMICS,SEAROUTE_ESTIMATE,True,True,False
24,US East Coast (Hampton Roads / Baltimore),East Coast India (Paradip / Visakhapatnam),Panamax,coal / coking coal,2026-04-20,44.35,$/mt,bear,41155.0,31606.93405394277,0.7679974256820015,34.06068582899677,9913.44136694391,SEAROUTE,SEAROUTE_CALCULATED,12.0,34.42167141299969,2.0,36.42167141299969,77500.0,73625.0,30.0,1032.6501423899908,560.35,2026-08-14,578645.5072882314,12000.0,437060.0569559963,25000.0,1040705.5642442277,2507717.994159887,1467012.4299156594,MVP_SCENARIO_ECONOMICS,SEAROUTE_ESTIMATE,True,True,False
24,US East Coast (Hampton Roads / Baltimore),East Coast India (Paradip / Visakhapatnam),Panamax,coal / coking coal,2026-04-20,44.35,$/mt,base,41155.0,41155.0,1.0,44.35,9913.44136694391,SEAROUTE,SEAROUTE_CALCULATED,12.0,34.42167141299969,2.0,36.42167141299969,77500.0,73625.0,30.0,1032.6501423899908,560.35,2026-08-14,578645.5072882314,12000.0,437060.0569559963,25000.0,1040705.5642442277,3265268.75,2224563.1857557725,MVP_SCENARIO_ECONOMICS,SEAROUTE_ESTIMATE,True,True,False
24,US East Coast (Hampton Roads / Baltimore),East Coast India (Paradip / Visakhapatnam),Panamax,coal / coking coal,2026-04-20,44.35,$/mt,bull,41155.0,58847.10804934665,1.4298896379382007,63.415605442559205,9913.44136694391,SEAROUTE,SEAROUTE_CALCULATED,12.0,34.42167141299969,2.0,36.42167141299969,77500.0,73625.0,30.0,1032.6501423899908,560.35,2026-08-14,578645.5072882314,12000.0,437060.0569559963,25000.0,1040705.5642442277,4668973.950708422,3628268.3864641944,MVP_SCENARIO_ECONOMICS,SEAROUTE_ESTIMATE,True,True,False
