report_date,target_5tc,status,evidence,source,has_5tc,has_capesize,has_bci,has_ultramax,has_supramax,semantic_category
2019-04-08,4881.0,GOOD_EXPLICIT,"lk Week 14: The Baltic Briefing About Us About Us Contact Us Privacy Policy Publications Dry Cargo Magazine Dry Cargo Handling Directory Advertising Magazine Advertising Online Banner Advertising Newsletter Banner Advertising Online Lead-Generating Content Media kit DCi Media Pack Editorial Programme Advertising Rates News Latest News Dry Bulk Trade & Commodities Shipping & Transport Ports & Terminals Engineering & Equipment Breakbulk Regional Focus Events Subscribe Dry Bulk Week 14: The Baltic Briefing 08 April 2019 Dry Bulk | Trade & Commodities | Shipping & Transport Bulk report – Week 14 Capesize The Capesize market over the past week looked to have found a floor on Tuesday with the BCI 5TC at $3460 before firming into the rest of the week, ending at $4881.",https://www.drycargomag.com/dry-bulk-week-14-the-baltic-briefing,True,True,True,False,False,A_CLEAR_CAPESIZE_5TC
2019-04-15,5737.0,GOOD_EXPLICIT,"The Baltic Capesize Index (BCI) 5TC opened on Monday at $5,099, although by Friday’s close most gains were lost, and it finished up at $5,737, a modest gain of $638.",https://www.drycargomag.com/dry-bulk-week-15-the-baltic-briefing,True,True,True,False,False,A_CLEAR_CAPESIZE_5TC
2019-05-13,11621.0,GOOD_EXPLICIT,"The BCI 5TC reduced from $11,182 at the end of the previous week to a low of $9,898 on Tuesday, but rebounded to $11,621 by Friday.",https://www.drycargomag.com/dry-bulk-week-19-the-baltic-briefing,True,False,True,False,False,A_CLEAR_CAPESIZE_5TC
2019-05-27,12243.0,GOOD_EXPLICIT,"The Capesize 5TC closed on Friday at $12,243, a gain of $334 from the previous week.",https://www.drycargomag.com/dry-bulk-market-capesize-market-in-full-swing,True,True,False,False,False,A_CLEAR_CAPESIZE_5TC
2019-06-10,15007.0,GOOD_EXPLICIT,"The Cape 5TC opened the week at $12,987 and closed out Friday at $15,007.",https://www.drycargomag.com/dry-bulk-week-23-the-baltic-briefing,True,True,False,False,False,A_CLEAR_CAPESIZE_5TC
2019-06-17,14203.0,GOOD_EXPLICIT,"The 5TC average closed Friday at $14,203.",https://www.drycargomag.com/dry-bulk-week-24-the-baltic-briefing,True,False,False,False,False,B_5TC_NO_CLEAR_SEGMENT
2019-06-24,17947.0,GOOD_EXPLICIT,"The C5TC market opened Monday at $14,203 and closed Friday at $17,947.",https://www.drycargomag.com/dry-bulk-week-25-the-baltic-briefing,True,False,False,False,False,B_5TC_NO_CLEAR_SEGMENT
2019-07-01,19360.0,GOOD_EXPLICIT,"The C5TC opened the week at $17,947 to close Friday at $19,360.",https://www.drycargomag.com/dry-bulk-week-26-the-baltic-briefing,True,False,False,False,False,B_5TC_NO_CLEAR_SEGMENT
2019-07-22,32765.0,GOOD_EXPLICIT,"The Capesize 5TC opened the week at $26,705 to close Friday at $32,765, an increase of more than 22%.",https://www.drycargomag.com/dry-bulk-week-29-the-baltic-briefing,True,True,False,False,False,A_CLEAR_CAPESIZE_5TC
2019-07-29,27145.0,GOOD_EXPLICIT,"The 5TC opened the week at $32,765 and closed on Friday at $27,145.",https://www.drycargomag.com/dry-bulk-week-30-the-baltic-briefing,True,False,False,False,False,B_5TC_NO_CLEAR_SEGMENT
2019-08-19,29624.0,GOOD_EXPLICIT,"The Capesize 5TC opened the week at $24,022 to close at $29,624.",https://www.drycargomag.com/dry-bulk-week-33-the-baltic-briefing,True,True,False,False,False,A_CLEAR_CAPESIZE_5TC
2019-09-09,37921.0,GOOD_EXPLICIT,"Fridays 5TC closed down $732 to settle at $37,921.",https://www.drycargomag.com/dry-bulk-week-36-the-baltic-briefing,True,False,False,False,False,B_5TC_NO_CLEAR_SEGMENT
2019-09-23,31470.0,GOOD_EXPLICIT,"The 5TC opened the week at $33,996 to close at $31,470.",https://www.drycargomag.com/dry-bulk-week-38-the-baltic-briefing,True,False,False,False,False,B_5TC_NO_CLEAR_SEGMENT
2019-10-07,23675.0,GOOD_EXPLICIT,"The Capesize 5TC opened the week at $24,916, reached a low of $23,425 Thursday, before closing up Friday +$250 to settle at $23,675.",https://www.drycargomag.com/dry-bulk-week-40-the-baltic-briefing,True,True,False,False,False,A_CLEAR_CAPESIZE_5TC
2019-11-25,18930.0,GOOD_EXPLICIT,"The 5TC average opened the week at $20,970 and closed out Friday up $580 to settle at $18,930, illustrating clearly the deteriorating condition of the market.",https://www.drycargomag.com/dry-bulk-week-47-the-baltic-briefing,True,False,False,False,False,B_5TC_NO_CLEAR_SEGMENT
2019-12-09,23704.0,GOOD_EXPLICIT,"The Capesize 5TC closed the week down -$525 to settle at $23,704.",https://www.drycargomag.com/dry-bulk-week-49-the-baltic-briefing,True,True,False,False,False,A_CLEAR_CAPESIZE_5TC
2019-12-16,18002.0,GOOD_EXPLICIT,"While downward momentum may have slowed a touch by Friday, the Capesize 5TC took a trouncing, losing $5,702 to settle at an almost six-month low of $18,002.",https://www.drycargomag.com/dry-bulk-week-50-the-baltic-briefing,True,True,False,False,False,A_CLEAR_CAPESIZE_5TC
2020-01-06,10825.0,GOOD_EXPLICIT,"A Pacific round voyage at week’s end was assessed at $6,200 and the 5TC average at $10,825 which, on 24 December 2019, were at $11,525 and $14,337 respectively.",https://www.drycargomag.com/dry-bulk-week-1,True,False,False,False,False,B_5TC_NO_CLEAR_SEGMENT
2020-01-13,9438.0,GOOD_EXPLICIT,"Opening the week at $10,825, the Capesize 5TC fell away to $9,020, before staging a small rally to close Friday at $9,438.",https://www.drycargomag.com/dry-bulk-week-2,True,True,False,False,False,A_CLEAR_CAPESIZE_5TC
2020-02-17,2445.0,GOOD_EXPLICIT,"The Capesize 5TC opened the week at $2,660 to close out at $2,445.",https://www.drycargomag.com/dry-bulk-week-7,True,True,False,False,False,A_CLEAR_CAPESIZE_5TC
2020-02-24,2787.0,GOOD_EXPLICIT,"The Capesize 5TC opened the week at $2,445 to close out the week at $2,787.",https://www.drycargomag.com/dry-bulk-week-8,True,True,False,False,False,A_CLEAR_CAPESIZE_5TC
2020-03-09,2542.0,GOOD_EXPLICIT,"The Capesize 5TC market closed out the week at $2,542.",https://www.drycargomag.com/dry-bulk-week-10,True,True,False,False,False,A_CLEAR_CAPESIZE_5TC
2020-03-16,2797.0,GOOD_EXPLICIT,"The Capesize 5TC opened the week at $2,542 to close at $2,797.",https://www.drycargomag.com/dry-bulk-week-11,True,True,False,False,False,A_CLEAR_CAPESIZE_5TC
2020-03-23,4067.0,GOOD_EXPLICIT,"With the market in a constant state of flux on a seemingly endless news cycle, increasing restrictions and disruptions, the Cape 5TC managed a lift out of its recent range to settle the week at $4,067, a lift of +$1,270 for the week.",https://www.drycargomag.com/dry-bulk-week-12,True,True,False,False,False,A_CLEAR_CAPESIZE_5TC
2020-03-30,3675.0,GOOD_EXPLICIT,"The Cape 5TC closed out the week at $3,675, down -392.",https://www.drycargomag.com/dry-bulk-week-13,True,True,False,False,False,A_CLEAR_CAPESIZE_5TC
2020-04-20,9875.0,GOOD_EXPLICIT,"The Capesize 5TC opened the shortened week at $6,762 to close out at $9,875.",https://www.drycargomag.com/dry-bulk-week-16,True,True,False,False,False,A_CLEAR_CAPESIZE_5TC
2020-04-27,8381.0,GOOD_EXPLICIT,"The Capesize 5TC peaked early in the week at $10,081, before gains were gradually eroded down to $8,381 by Friday.",https://www.drycargomag.com/dry-bulk-week-17,True,True,False,False,False,A_CLEAR_CAPESIZE_5TC
2020-09-21,15761.0,GOOD_EXPLICIT,"The Capesize 5TC opened the week at $15,248 to close at $15,761.",https://www.drycargomag.com/dry-bulk-week-38,True,True,False,False,False,A_CLEAR_CAPESIZE_5TC
2020-10-19,19952.0,GOOD_EXPLICIT,"Opening at $29,479, the Capesize 5TC has closed the week at $19,952, a drop of almost -30%.",https://www.drycargomag.com/dry-bulk-week-42,True,True,False,False,False,A_CLEAR_CAPESIZE_5TC
2020-11-09,14421.0,GOOD_EXPLICIT,"The end of the week brought about a small uptick of +244 to settle the Capesize 5TC at $14,421, possibly placing a support level, although others would suggest it will allow for a breather before further declines.",https://www.drycargomag.com/dry-bulk-week-45,True,True,False,False,False,A_CLEAR_CAPESIZE_5TC
2021-01-11,16633.0,GOOD_EXPLICIT,"The Capesize 5TC ended 2020 at $16,633 and now closes out its opening week of 2021 at a resounding $21,131.",https://www.drycargomag.com/dry-bulk-week-1-2021,True,True,False,False,False,A_CLEAR_CAPESIZE_5TC
2021-02-01,15675.0,GOOD_EXPLICIT,"Dropping -8,956 over the course of the week the Capesize 5TC settled at $15,675.",https://www.drycargomag.com/dry-bulk-week-4-2021,True,True,False,False,False,A_CLEAR_CAPESIZE_5TC
2021-02-15,10304.0,GOOD_EXPLICIT,"The Capesize 5TC registered a token drop of eight to settle at $10,304 as minimal trading was heard.",https://www.drycargomag.com/dry-bulk-week-6-2021,True,True,False,False,False,A_CLEAR_CAPESIZE_5TC
2021-02-22,14224.0,GOOD_EXPLICIT,"From last Friday at $10,304, the Capesize 5TC reached a high on Wednesday of $15,856 before retreating to close the week out at $14,224.",https://www.drycargomag.com/dry-bulk-week-7-2021,True,True,False,False,False,A_CLEAR_CAPESIZE_5TC
2021-03-01,11934.0,GOOD_EXPLICIT,"Dry Bulk: Week 8 About Us About Us Contact Us Privacy Policy Publications Dry Cargo Magazine Dry Cargo Handling Directory Advertising Magazine Advertising Online Banner Advertising Newsletter Banner Advertising Online Lead-Generating Content Media kit DCi Media Pack Editorial Programme Advertising Rates News Latest News Dry Bulk Trade & Commodities Shipping & Transport Ports & Terminals Engineering & Equipment Breakbulk Regional Focus Events Subscribe Dry Bulk: Week 8 01 March 2021 Dry Bulk | Trade & Commodities | Shipping & Transport Capesize The market took on a mild downward slide during this week with the 5TC opening at $14,224 to close out at $11,934.",https://www.drycargomag.com/dry-bulk-week-8-2021,True,True,False,False,False,A_CLEAR_CAPESIZE_5TC
2021-03-08,14794.0,GOOD_EXPLICIT,"Gaining $920 on the last trading day of the week the Capesize 5TC settled at $14,794, which reflected the solid trading activity.",https://www.drycargomag.com/dry-bulk-week-9-2021,True,True,False,False,False,A_CLEAR_CAPESIZE_5TC
2021-03-22,19437.0,GOOD_EXPLICIT,"Dry Bulk: Week 11 About Us About Us Contact Us Privacy Policy Publications Dry Cargo Magazine Dry Cargo Handling Directory Advertising Magazine Advertising Online Banner Advertising Newsletter Banner Advertising Online Lead-Generating Content Media kit DCi Media Pack Editorial Programme Advertising Rates News Latest News Dry Bulk Trade & Commodities Shipping & Transport Ports & Terminals Engineering & Equipment Breakbulk Regional Focus Events Subscribe Dry Bulk: Week 11 22 March 2021 Dry Bulk | Trade & Commodities | Shipping & Transport Capesize A steady build for the Capesize market saw the 5TC lift $2,696 to settle the week at $19,437.",https://www.drycargomag.com/dry-bulk-week-11-2021,True,True,False,False,False,A_CLEAR_CAPESIZE_5TC
2021-03-29,19014.0,GOOD_EXPLICIT,"The 5TC opened the week at $19,437 to close out the week down $423 at $19,014.",https://www.drycargomag.com/dry-bulk-week-12-2021,True,False,False,False,False,B_5TC_NO_CLEAR_SEGMENT
2021-04-26,34762.0,GOOD_EXPLICIT,"The 5TC rose $6,242 to settle at the end of the week at $34,762.",https://www.drycargomag.com/dry-bulk-week-16-2021,True,False,False,False,False,B_5TC_NO_CLEAR_SEGMENT
2021-05-17,34542.0,GOOD_EXPLICIT,"Dry Bulk: Week 19 About Us About Us Contact Us Privacy Policy Publications Dry Cargo Magazine Dry Cargo Handling Directory Advertising Magazine Advertising Online Banner Advertising Newsletter Banner Advertising Online Lead-Generating Content Media kit DCi Media Pack Editorial Programme Advertising Rates News Latest News Dry Bulk Trade & Commodities Shipping & Transport Ports & Terminals Engineering & Equipment Breakbulk Regional Focus Events Subscribe Dry Bulk: Week 19 17 May 2021 Dry Bulk | Trade & Commodities | Shipping & Transport Capesize As the week progressed it became clear that the Capesize market wasn’t having a small retracement but was in for a more significant downturn as the 5TC dropped $6,972 week-on-week to settle at $34,542.",https://www.drycargomag.com/dry-bulk-week-19,True,True,False,False,False,A_CLEAR_CAPESIZE_5TC
2021-06-07,20933.0,GOOD_EXPLICIT,"Dry Bulk: Week 22 About Us About Us Contact Us Privacy Policy Publications Dry Cargo Magazine Dry Cargo Handling Directory Advertising Magazine Advertising Online Banner Advertising Newsletter Banner Advertising Online Lead-Generating Content Media kit DCi Media Pack Editorial Programme Advertising Rates News Latest News Dry Bulk Trade & Commodities Shipping & Transport Ports & Terminals Engineering & Equipment Breakbulk Regional Focus Events Subscribe Dry Bulk: Week 22 07 June 2021 Dry Bulk | Trade & Commodities | Shipping & Transport Capesize The Capesize market found little to support levels this week as a steady slide in rates saw the 5TC drop $4,681 over the week to settle at $20,933.",https://www.drycargomag.com/dry-bulk-week-22-2021,True,True,False,False,False,A_CLEAR_CAPESIZE_5TC
2021-06-14,27752.0,GOOD_EXPLICIT,"The Capesize 5TC opened the week with a relatively paltry $20,933, took some moderate losses early in the week to $19,845 before rebounding strongly to close out the week at $27,752.",https://www.drycargomag.com/dry-bulk-week-23-2021,True,True,False,False,False,A_CLEAR_CAPESIZE_5TC
2021-07-19,28572.0,GOOD_EXPLICIT,"Dry Bulk: Week 28 About Us About Us Contact Us Privacy Policy Publications Dry Cargo Magazine Dry Cargo Handling Directory Advertising Magazine Advertising Online Banner Advertising Newsletter Banner Advertising Online Lead-Generating Content Media kit DCi Media Pack Editorial Programme Advertising Rates News Latest News Dry Bulk Trade & Commodities Shipping & Transport Ports & Terminals Engineering & Equipment Breakbulk Regional Focus Events Subscribe Dry Bulk: Week 28 19 July 2021 Dry Bulk | Trade & Commodities | Shipping & Transport Capesize The Capesize market endured a week of eroding value across all regions as the 5TC lowered $2,430 week on week to settle at $28,572.",https://www.drycargomag.com/dry-bulk-week-28-2021,True,True,False,False,False,A_CLEAR_CAPESIZE_5TC
2021-07-26,32469.0,GOOD_EXPLICIT,"Dry Bulk: Week 29 About Us About Us Contact Us Privacy Policy Publications Dry Cargo Magazine Dry Cargo Handling Directory Advertising Magazine Advertising Online Banner Advertising Newsletter Banner Advertising Online Lead-Generating Content Media kit DCi Media Pack Editorial Programme Advertising Rates News Latest News Dry Bulk Trade & Commodities Shipping & Transport Ports & Terminals Engineering & Equipment Breakbulk Regional Focus Events Subscribe Dry Bulk: Week 29 26 July 2021 Dry Bulk | Trade & Commodities | Shipping & Transport Capesize The market drifted sideways lacking a strong directional lead most of the week, with gains towards the end the 5TC average settling at $32,469 to close the week, up almost $4,000.",https://www.drycargomag.com/dry-bulk-week-29-2021,True,True,False,False,False,A_CLEAR_CAPESIZE_5TC
2021-08-02,35713.0,GOOD_EXPLICIT,"Dry Bulk: Week 30 About Us About Us Contact Us Privacy Policy Publications Dry Cargo Magazine Dry Cargo Handling Directory Advertising Magazine Advertising Online Banner Advertising Newsletter Banner Advertising Online Lead-Generating Content Media kit DCi Media Pack Editorial Programme Advertising Rates News Latest News Dry Bulk Trade & Commodities Shipping & Transport Ports & Terminals Engineering & Equipment Breakbulk Regional Focus Events Subscribe Dry Bulk: Week 30 02 August 2021 Dry Bulk | Trade & Commodities | Shipping & Transport Capesize The Capesize market strengthened this week as Pacific routes were affected by weather incidents pushing the 5TC up $3,244 week on week to settle at $35,713.",https://www.drycargomag.com/dry-bulk-week-30-2021,True,True,False,False,False,A_CLEAR_CAPESIZE_5TC
2021-08-16,39526.0,GOOD_EXPLICIT,"By the end of the week both 5TC and BCI reached a new high since mid-May, at 4,766 and $39,526 respectively.",https://www.drycargomag.com/dry-bulk-week-32-2021,True,False,True,False,False,A_CLEAR_CAPESIZE_5TC
2021-09-06,46647.0,GOOD_EXPLICIT,"Dry Bulk: Week 35 About Us About Us Contact Us Privacy Policy Publications Dry Cargo Magazine Dry Cargo Handling Directory Advertising Magazine Advertising Online Banner Advertising Newsletter Banner Advertising Online Lead-Generating Content Media kit DCi Media Pack Editorial Programme Advertising Rates News Latest News Dry Bulk Trade & Commodities Shipping & Transport Ports & Terminals Engineering & Equipment Breakbulk Regional Focus Events Subscribe Dry Bulk: Week 35 06 September 2021 Dry Bulk | Trade & Commodities | Shipping & Transport Capesize The Capesize market crested over the past week as the 5TC retracted $4452 since last Friday to close out at $46,647.",https://www.drycargomag.com/dry-bulk-week-35-2021,True,True,False,False,False,A_CLEAR_CAPESIZE_5TC
2021-09-27,61309.0,GOOD_EXPLICIT,"The Capesize 5TC opened the week at $53,240 and never looked like taking a backward step as it closed out the week a staggering $8,069 up settling Friday at $61,309.",https://www.drycargomag.com/dry-bulk-week-38-2021,True,True,False,False,False,A_CLEAR_CAPESIZE_5TC
2021-11-08,27199.0,GOOD_EXPLICIT,"Dry Bulk: Week 44 About Us About Us Contact Us Privacy Policy Publications Dry Cargo Magazine Dry Cargo Handling Directory Advertising Magazine Advertising Online Banner Advertising Newsletter Banner Advertising Online Lead-Generating Content Media kit DCi Media Pack Editorial Programme Advertising Rates News Latest News Dry Bulk Trade & Commodities Shipping & Transport Ports & Terminals Engineering & Equipment Breakbulk Regional Focus Events Subscribe Dry Bulk: Week 44 08 November 2021 Dry Bulk | Trade & Commodities | Shipping & Transport Capesize The Capesize market has endured another difficult period of sliding rates as the 5TC sustained losses week-on-week of -8866 to close out at $27,199.",https://www.drycargomag.com/dry-bulk-week-44-2021,True,True,False,False,False,A_CLEAR_CAPESIZE_5TC
2021-11-22,29938.0,GOOD_EXPLICIT,"Dry Bulk: Week 46 About Us About Us Contact Us Privacy Policy Publications Dry Cargo Magazine Dry Cargo Handling Directory Advertising Magazine Advertising Online Banner Advertising Newsletter Banner Advertising Online Lead-Generating Content Media kit DCi Media Pack Editorial Programme Advertising Rates News Latest News Dry Bulk Trade & Commodities Shipping & Transport Ports & Terminals Engineering & Equipment Breakbulk Regional Focus Events Subscribe Dry Bulk: Week 46 22 November 2021 Dry Bulk | Trade & Commodities | Shipping & Transport Capesize The Capesize market closed out a generally underwhelming week with positive sentiment and an uptick in the final days with the 5TC lifting +2905 to settle at $29,938.",https://www.drycargomag.com/dry-bulk-week-46-2021,True,True,False,False,False,A_CLEAR_CAPESIZE_5TC
2021-12-13,40035.0,GOOD_EXPLICIT,"Dry Bulk: Week 49 About Us About Us Contact Us Privacy Policy Publications Dry Cargo Magazine Dry Cargo Handling Directory Advertising Magazine Advertising Online Banner Advertising Newsletter Banner Advertising Online Lead-Generating Content Media kit DCi Media Pack Editorial Programme Advertising Rates News Latest News Dry Bulk Trade & Commodities Shipping & Transport Ports & Terminals Engineering & Equipment Breakbulk Regional Focus Events Subscribe Dry Bulk: Week 49 13 December 2021 Dry Bulk | Trade & Commodities | Shipping & Transport Capesize The Capesize market peaked mid-week from its recent rally as the 5TC marked down -$1344 on the last day of the week to settle at $40,035.",https://www.drycargomag.com/dry-bulk-week-49-2021,True,True,False,False,False,A_CLEAR_CAPESIZE_5TC
2022-01-10,19176.0,GOOD_EXPLICIT,"Closing out 2021 at $19,176 the Cape 5TC ended its first week in 2022 at $20,167.",https://www.drycargomag.com/dry-bulk-week-1-2022,True,True,False,False,False,A_CLEAR_CAPESIZE_5TC
2022-01-17,12407.0,GOOD_EXPLICIT,"Dry Bulk: Week 2 About Us About Us Contact Us Privacy Policy Publications Dry Cargo Magazine Dry Cargo Handling Directory Advertising Magazine Advertising Online Banner Advertising Newsletter Banner Advertising Online Lead-Generating Content Media kit DCi Media Pack Editorial Programme Advertising Rates News Latest News Dry Bulk Trade & Commodities Shipping & Transport Ports & Terminals Engineering & Equipment Breakbulk Regional Focus Events Subscribe Dry Bulk: Week 2 17 January 2022 Dry Bulk | Trade & Commodities | Shipping & Transport Capesize The Capesize market endured a somewhat traditional post-holiday Q1 drop as the 5TC descended -7760 over the week to settle at $12,407.",https://www.drycargomag.com/dry-bulk-week-2-2022,True,True,False,False,False,A_CLEAR_CAPESIZE_5TC
2022-01-31,8918.0,GOOD_EXPLICIT,"The 5TC weighted average opened the week at $7,390, descended to a low of $5,826 before settling at week’s end to $8,918.",https://www.drycargomag.com/dry-bulk-week-4-2022,True,False,False,False,False,B_5TC_NO_CLEAR_SEGMENT
2022-02-07,10302.0,GOOD_EXPLICIT,"Dry Bulk: Week 5 About Us About Us Contact Us Privacy Policy Publications Dry Cargo Magazine Dry Cargo Handling Directory Advertising Magazine Advertising Online Banner Advertising Newsletter Banner Advertising Online Lead-Generating Content Media kit DCi Media Pack Editorial Programme Advertising Rates News Latest News Dry Bulk Trade & Commodities Shipping & Transport Ports & Terminals Engineering & Equipment Breakbulk Regional Focus Events Subscribe Dry Bulk: Week 5 07 February 2022 Dry Bulk | Trade & Commodities | Shipping & Transport Capesize The Capesize market traded sideways this week as the 5TC closed at $10,302, an improvement of +1384 over the week.",https://www.drycargomag.com/dry-bulk-week-5-2022,True,True,False,False,False,A_CLEAR_CAPESIZE_5TC
2022-02-14,15397.0,GOOD_EXPLICIT,"Activity was clearly seen to be elevated as the Capesize 5TC rose +5095 over the week to close on a mild Friday at $15,397.",https://www.drycargomag.com/dry-bulk-report-week-6-2022,True,True,False,False,False,A_CLEAR_CAPESIZE_5TC
2022-02-21,13888.0,GOOD_EXPLICIT,"Closing Friday some reprieve was found as the Capesize 5TC closed on a positive up note +1888 to settle at $13,888.",https://www.drycargomag.com/dry-bulk-week-7-2022,True,True,False,False,False,A_CLEAR_CAPESIZE_5TC
2022-02-28,14026.0,GOOD_EXPLICIT,"The Capesize 5TC reached a high of $18,181 Wednesday before shedding -4155 by weeks end to close at $14,026.",https://www.drycargomag.com/dry-bulk-report-week-8-2022,True,True,False,False,False,A_CLEAR_CAPESIZE_5TC
2022-03-14,22195.0,GOOD_EXPLICIT,"Dry Bulk: Week 10 / 2022 About Us About Us Contact Us Privacy Policy Publications Dry Cargo Magazine Dry Cargo Handling Directory Advertising Magazine Advertising Online Banner Advertising Newsletter Banner Advertising Online Lead-Generating Content Media kit DCi Media Pack Editorial Programme Advertising Rates News Latest News Dry Bulk Trade & Commodities Shipping & Transport Ports & Terminals Engineering & Equipment Breakbulk Regional Focus Events Subscribe Dry Bulk: Week 10 / 2022 14 March 2022 Dry Bulk | Trade & Commodities | Shipping & Transport Capesize The Capesize market appeared to get caught up in the wider market rallies this week as geopolitical tensions run high, with the 5TC lifting $8635 over the week to settle at $22,195.",https://www.drycargomag.com/dry-bulk-week-10-2022,True,True,False,False,False,A_CLEAR_CAPESIZE_5TC
2022-03-28,15648.0,GOOD_EXPLICIT,"Dry Bulk: Week 12/2022 About Us About Us Contact Us Privacy Policy Publications Dry Cargo Magazine Dry Cargo Handling Directory Advertising Magazine Advertising Online Banner Advertising Newsletter Banner Advertising Online Lead-Generating Content Media kit DCi Media Pack Editorial Programme Advertising Rates News Latest News Dry Bulk Trade & Commodities Shipping & Transport Ports & Terminals Engineering & Equipment Breakbulk Regional Focus Events Subscribe Dry Bulk: Week 12/2022 28 March 2022 Dry Bulk | Trade & Commodities | Shipping & Transport Capesize The Capesize market had to contend with volatile bunker concerns once again as the 5TC lost $5956 week on week to close at $15,648.",https://www.drycargomag.com/dry-bulk-week-122022,True,True,False,False,False,A_CLEAR_CAPESIZE_5TC
2022-04-04,15460.0,GOOD_EXPLICIT,"However, by Friday green shoots were beginning to emerge as the 5TC saw a low of $13,596 yet closed at $15,460.",https://www.drycargomag.com/dry-bulk-week-13-2022,True,False,False,False,False,B_5TC_NO_CLEAR_SEGMENT
2022-05-16,32733.0,GOOD_EXPLICIT,"The 5TC ended the week at $32,733, a rise of 8731 week on week.",https://www.drycargomag.com/dry-bulk-week-19-2022,True,False,False,False,False,B_5TC_NO_CLEAR_SEGMENT
2022-05-23,37538.0,GOOD_EXPLICIT,"The Capesize 5TC rose +$4,805 over the week to close at $37,538.",https://www.drycargomag.com/dry-bulk-week-20-2022,True,True,False,False,False,A_CLEAR_CAPESIZE_5TC
2022-10-17,17965.0,GOOD_EXPLICIT,"The Capesize 5TC lowered 1909 over the week to settle at $17,965.",https://www.drycargomag.com/flat-week-for-dry-bulk-shipping,True,True,False,False,False,A_CLEAR_CAPESIZE_5TC
2023-02-27,5271.0,GOOD_EXPLICIT,"Last Friday the 5TC was at $2,246 and as we close the week it stands at $5,271.",https://www.drycargomag.com/dry-bulk-shipping-report-0823,True,False,False,False,False,B_5TC_NO_CLEAR_SEGMENT
2023-03-13,14466.0,GOOD_EXPLICIT,"Subsequently, the time charter average for the 5TC rose over $4,000 compared with last Friday and finished proceedings at $14,466.",https://www.drycargomag.com/dry-bulk-shipping-report-1023,True,False,False,False,False,B_5TC_NO_CLEAR_SEGMENT
2023-04-03,13806.0,GOOD_EXPLICIT,"Dry Bulk Shipping Report About Us About Us Contact Us Privacy Policy Publications Dry Cargo Magazine Dry Cargo Handling Directory Advertising Magazine Advertising Online Banner Advertising Newsletter Banner Advertising Online Lead-Generating Content Media kit DCi Media Pack Editorial Programme Advertising Rates News Latest News Dry Bulk Trade & Commodities Shipping & Transport Ports & Terminals Engineering & Equipment Breakbulk Regional Focus Events Subscribe Dry Bulk Shipping Report 03 April 2023 Dry Bulk | Trade & Commodities | Shipping & Transport Capesize The first quarter of 2023 ended with a decline of $95 on the Capesize time charter average (5TC), pricing at $13,806 on the last day in March.",https://www.drycargomag.com/dry-bulk-shipping-report-1323,True,True,False,False,False,A_CLEAR_CAPESIZE_5TC
2023-04-17,15344.0,GOOD_EXPLICIT,"All in all, a mixed bag with the 5TC’s starting the week after the Easter weekend at $15,849 and ending the week at $15,344.",https://www.drycargomag.com/dry-bulk-shipping-report-1523,True,False,False,False,False,B_5TC_NO_CLEAR_SEGMENT
2023-10-09,27455.0,GOOD_EXPLICIT,"By the end of the week, the Pacific market rebounded, remaining robust and supported, while the Atlantic market, particularly in the North Atlantic, saw significantly firmer fixtures, concluding the week on an optimistic note, as illustrated by the BCI 5TC index, which rose this week by $5,801 to reach $27,455 as the week draws to a close.",https://www.drycargomag.com/dry-bulk-shipping-report-4023,True,False,True,False,False,A_CLEAR_CAPESIZE_5TC
2024-01-15,18015.0,GOOD_EXPLICIT,"The BCI 5TC commenced the week at $29,851 but experienced notable losses, concluding the week at $18,015 by Friday's close.",https://www.drycargomag.com/shipping-market-remains-subdued,True,False,True,False,False,A_CLEAR_CAPESIZE_5TC
2024-10-14,23509.0,GOOD_EXPLICIT,"The BCI 5TC fell every day besides Friday, which closed at $23,509, a significant drop from Monday’s $26,213.",https://www.drycargomag.com/soft-week-for-dry-bulk-sector-market,True,False,True,False,False,A_CLEAR_CAPESIZE_5TC
2025-03-17,23697.0,GOOD_EXPLICIT,"The BCI 5TC experienced a steady rise throughout the week, before a slight correction saw it close at $23,697, up from $20,544 at the week's start.",https://www.drycargomag.com/a-positive-week-for-the-dry-bulk-sector,True,False,True,False,False,A_CLEAR_CAPESIZE_5TC
2025-06-23,23879.0,GOOD_EXPLICIT,"Overall, the week marked a reversal of recent gains, with the BCI 5TC shedding over $7,000 to settle at $23,879 by Friday.",https://www.drycargomag.com/a-subdued-week-for-dry-bulk-shipping-market,True,False,True,False,False,A_CLEAR_CAPESIZE_5TC
2026-02-09,26468.0,GOOD_EXPLICIT,"Dry Bulk Weekly Report About Us About Us Contact Us Privacy Policy Publications Dry Cargo Magazine Dry Cargo Handling Directory Advertising Magazine Advertising Online Banner Advertising Newsletter Banner Advertising Online Lead-Generating Content Media kit DCi Media Pack Editorial Programme Advertising Rates News Latest News Dry Bulk Trade & Commodities Shipping & Transport Ports & Terminals Engineering & Equipment Breakbulk Regional Focus Events Subscribe Baltic Exchange: Dry Bulk Weekly Report 09 February 2026 Dry Bulk | Trade & Commodities | Shipping & Transport Capesize The market endured a broadly softer week, with sentiment cooling across both the Pacific and Atlantic as the BCI 182 5TC slid from the low $31,000s to finish closer to $26,468.",https://www.drycargomag.com/baltic-exchange-dry-bulk-weekly-report-0626,True,True,True,False,False,A_CLEAR_CAPESIZE_5TC
2026-06-08,44374.0,GOOD_EXPLICIT,"Baltic Exchange: Dry Bulk Weekly Report About Us About Us Contact Us Privacy Policy Publications Dry Cargo Magazine Dry Cargo Handling Directory Advertising Magazine Advertising Online Banner Advertising Newsletter Banner Advertising Online Lead-Generating Content Media kit DCi Media Pack Editorial Programme Advertising Rates News Latest News Dry Bulk Trade & Commodities Shipping & Transport Ports & Terminals Engineering & Equipment Breakbulk Regional Focus Events Subscribe Baltic Exchange: Dry Bulk Weekly Report 08 June 2026 Dry Bulk Capesize The market closed the week on a softer footing, with the BCI 182 5TC easing from just under $50,000 at the start of the week to $44,374, reflecting a clear loss of momentum as the week progressed.",https://www.drycargomag.com/baltic-exchange-dry-bulk-weekly-report-2326,True,True,True,False,False,A_CLEAR_CAPESIZE_5TC
2026-06-15,37251.0,GOOD_EXPLICIT,"The BCI 182 5TC fell from $42,798 at the start of the week to $37,251 by the close, representing a significant erosion of earnings and underscoring the loss of momentum from the stronger levels seen in late May.",https://www.drycargomag.com/baltic-exchange-dry-bulk-weekly-report-2426,True,False,True,False,False,A_CLEAR_CAPESIZE_5TC
2026-06-22,37631.0,GOOD_EXPLICIT,"Having come under pressure through the early part of the week, the market reversed course, with the BCI 182 5TC climbing sharply to close at $37,631, up from $36,756 at the start of the week.",https://www.drycargomag.com/baltic-exchange-dry-bulk-weekly-report-2526,True,False,True,False,False,A_CLEAR_CAPESIZE_5TC
2026-06-29,33014.0,GOOD_EXPLICIT,"Overall, the BCI 182 5TC declined from $36,946 to $33,014, leaving the market firmly on the defensive by week’s end.",https://www.drycargomag.com/baltic-exchange-dry-bulk-weekly-report-2626,True,False,True,False,False,A_CLEAR_CAPESIZE_5TC
2026-07-06,37181.0,GOOD_EXPLICIT,"The BCI 182 5TC gained just over $5,000 across the week to close at $37,181.",https://www.drycargomag.com/baltic-exchange-dry-bulk-weekly-report-2726,True,False,True,False,False,A_CLEAR_CAPESIZE_5TC
2026-07-20,37156.0,GOOD_EXPLICIT,"Having started the week at $42,641, the BCI 182 5TC peaked at $43,086 before sliding around $5,000 to finish at $37,156, illustrating a market that ended the week firmly on the defensive.",https://www.drycargomag.com/baltic-exchange-dry-bulk-weekly-report-2926,True,False,True,False,False,A_CLEAR_CAPESIZE_5TC
2026-08-10,46512.0,GOOD_EXPLICIT,"Strength in both the Pacific and Atlantic basins underpinned the rally, driving the BCI 5TC from $41,395 at the start of the week to $46,512 by Friday's close.",https://www.drycargomag.com/baltic-exchange-dry-bulk-weekly-report-3226,True,False,True,False,False,A_CLEAR_CAPESIZE_5TC
